neuron,label,count
1,G,1
1,I,1
1,L,1
1,P,1
1,R,1
1,S,1
1,T,1
1,V,1
1,W,1
1,[,1
100,B,1
100,K,1
100,M,1
100,N,1
100,P,1
100,X,1
100,Y,1
100,[,1
1000,C,1
1000,D,1
1000,N,1
1000,P,1
1000,Q,1
1000,R,1
1000,U,1
1000,Y,1
1000,Z,1
1002,E,1
1002,G,1
1002,J,1
1002,K,1
1002,M,1
1002,R,1
1002,S,1
1002,V,1
1002,Z,1
1003,B,1
1003,E,1
1003,I,1
1003,M,1
1003,Q,1
1003,R,1
1003,S,1
1003,T,1
1008,B,1
1008,E,1
1008,J,1
1008,K,1
1008,L,1
1008,R,1
1008,T,1
1008,X,1
1008,Y,1
1009,D,1
1009,H,1
1009,L,1
1009,O,1
1009,P,1
1009,S,1
1009,V,1
1009,[,1
101,E,1
101,I,1
101,T,1
101,U,1
101,V,1
101,X,1
1011,E,1
1011,G,1
1011,M,1
1011,S,1
1011,U,1
1011,W,1
1011,X,1
1018,B,1
1018,J,1
1018,K,1
1018,M,1
1018,O,1
1018,Q,1
1018,W,1
102,B,1
102,C,1
102,D,1
102,E,1
102,Q,1
102,R,1
102,T,1
102,V,1
102,W,1
1023,C,1
1023,E,1
1023,F,1
1023,I,1
1023,J,1
1023,M,1
1023,Q,1
1023,V,1
1028,B,1
1028,G,1
1028,I,1
1028,K,1
1028,L,1
1028,O,1
1028,S,1
1028,T,1
1028,U,1
1028,[,1
103,F,1
103,G,1
103,J,1
103,K,1
103,M,1
103,O,1
103,U,1
103,V,1
103,Y,1
1032,B,1
1032,D,1
1032,E,1
1032,H,1
1032,I,1
1032,T,1
1032,Y,1
1032,Z,1
1033,C,1
1033,H,1
1033,J,1
1033,L,1
1033,M,1
1033,O,1
1033,R,1
1033,V,1
1033,X,1
1035,J,1
1035,K,1
1035,L,1
1035,N,1
1035,O,1
1035,P,1
1035,R,1
1035,T,1
1035,X,1
1036,H,1
1036,I,1
1036,J,1
1036,L,1
1036,M,1
1036,Q,1
1036,R,1
1036,U,1
1036,V,1
1036,W,1
1037,C,1
1037,E,1
1037,F,1
1037,G,1
1037,L,1
1037,M,1
1037,S,1
1037,W,1
1039,D,1
1039,F,1
1039,G,1
1039,P,1
1039,Q,1
1039,T,1
1039,X,1
1039,Z,1
104,C,1
104,F,1
104,H,1
104,P,1
104,S,1
104,U,1
104,V,1
104,Y,1
104,[,1
1041,B,1
1041,D,1
1041,F,1
1041,L,1
1041,M,1
1041,U,1
1041,V,1
1041,X,1
1042,C,1
1042,E,1
1042,I,1
1042,J,1
1042,K,1
1042,L,1
1042,R,1
1042,S,1
1042,W,1
1043,G,1
1043,I,1
1043,J,1
1043,K,1
1043,M,1
1043,N,1
1043,Q,1
1043,V,1
1043,Y,1
1044,F,1
1044,J,1
1044,L,1
1044,N,1
1044,O,1
1044,U,1
1044,W,1
1049,B,1
1049,F,1
1049,I,1
1049,L,1
1049,M,1
1049,R,1
1049,U,1
1049,V,1
1049,W,1
1049,Y,1
105,B,1
105,K,1
105,L,1
105,M,1
105,O,1
105,Q,1
105,Z,1
1051,E,1
1051,G,1
1051,J,1
1051,N,1
1051,O,1
1051,R,1
1051,W,1
1051,Y,1
1051,[,1
1052,F,1
1052,I,1
1052,K,1
1052,L,1
1052,M,1
1052,O,1
1052,V,1
1052,Y,1
1052,Z,1
1052,[,1
1054,B,1
1054,J,1
1054,L,1
1054,Q,1
1054,V,1
1054,W,1
1054,X,1
1054,Y,1
1059,B,1
1059,F,1
1059,G,1
1059,J,1
1059,K,1
1059,L,1
1059,Y,1
1059,Z,1
1059,[,1
106,B,1
106,C,1
106,E,1
106,N,1
106,U,1
106,V,1
106,W,1
106,X,1
1062,C,1
1062,D,1
1062,H,1
1062,J,1
1062,K,1
1062,O,1
1062,Q,1
1062,S,1
1062,W,1
1067,B,1
1067,E,1
1067,H,1
1067,K,1
1067,M,1
1067,O,1
1067,T,1
1067,V,1
1068,E,1
1068,F,1
1068,G,1
1068,M,1
1068,O,1
1068,Q,1
1068,S,1
1068,T,1
1068,Z,1
1068,[,1
1069,E,1
1069,F,1
1069,G,1
1069,M,1
1069,N,1
1069,P,1
1069,T,1
1069,U,1
1072,C,1
1072,E,1
1072,I,1
1072,O,1
1072,X,1
1072,Z,1
1074,F,1
1074,H,1
1074,L,1
1074,N,1
1074,O,1
1074,S,1
1074,T,1
1074,Z,1
1075,B,1
1075,C,1
1075,J,1
1075,L,1
1075,P,1
1075,U,1
1075,X,1
1075,Y,1
1076,B,1
1076,D,1
1076,E,1
1076,I,1
1076,J,1
1076,Q,1
1076,S,1
1076,T,1
1076,X,1
108,C,1
108,D,1
108,E,1
108,F,1
108,L,1
108,O,1
108,T,1
108,Z,1
1081,C,1
1081,G,1
1081,I,1
1081,J,1
1081,K,1
1081,T,1
1081,X,1
1081,Z,1
1081,[,1
1082,B,1
1082,F,1
1082,G,1
1082,M,1
1082,O,1
1082,T,1
1082,X,1
1082,Z,1
1083,E,1
1083,F,1
1083,G,1
1083,J,1
1083,N,1
1083,U,1
1083,Z,1
1083,[,1
1087,C,1
1087,D,1
1087,E,1
1087,J,1
1087,K,1
1087,O,1
1087,P,1
1087,Q,1
1087,Z,1
1089,B,1
1089,D,1
1089,F,1
1089,G,1
1089,H,1
1089,K,1
1089,L,1
1089,S,1
1089,V,1
1089,Y,1
109,C,1
109,D,1
109,G,1
109,H,1
109,J,1
109,O,1
109,P,1
109,W,1
109,Z,1
1090,C,1
1090,E,1
1090,G,1
1090,H,1
1090,I,1
1090,M,1
1090,O,1
1090,W,1
1090,X,1
1090,Y,1
1092,F,1
1092,H,1
1092,J,1
1092,M,1
1092,P,1
1092,R,1
1092,T,1
1092,W,1
1092,Y,1
1094,H,1
1094,I,1
1094,L,1
1094,M,1
1094,Q,1
1094,S,1
1094,T,1
1106,F,1
1106,G,1
1106,I,1
1106,N,1
1106,P,1
1106,R,1
1106,T,1
1106,U,1
1106,Y,1
1106,Z,1
1107,C,1
1107,H,1
1107,I,1
1107,J,1
1107,L,1
1107,P,1
1107,R,1
1107,T,1
1107,U,1
1107,[,1
1108,D,1
1108,E,1
1108,K,1
1108,R,1
1108,W,1
1108,[,1
1109,B,1
1109,C,1
1109,F,1
1109,I,1
1109,J,1
1109,N,1
1109,U,1
1109,V,1
1109,W,1
1111,H,1
1111,I,1
1111,N,1
1111,O,1
1111,P,1
1111,S,1
1111,X,1
1111,Z,1
1111,[,1
1113,K,1
1113,L,1
1113,N,1
1113,P,1
1113,Q,1
1113,W,1
1113,X,1
1113,Y,1
1113,Z,1
1116,B,1
1116,E,1
1116,H,1
1116,J,1
1116,M,1
1116,N,1
1116,X,1
1119,C,1
1119,D,1
1119,E,1
1119,I,1
1119,J,1
1119,K,1
1119,M,1
1119,O,1
1119,S,1
1120,B,1
1120,D,1
1120,E,1
1120,H,1
1120,J,1
1120,X,1
1120,Z,1
1125,B,1
1125,C,1
1125,L,1
1125,Q,1
1125,R,1
1125,S,1
1125,T,1
1125,W,1
1125,Z,1
1127,F,1
1127,G,1
1127,H,1
1127,M,1
1127,P,1
1127,R,1
1127,U,1
1127,Y,1
1128,C,1
1128,E,1
1128,G,1
1128,I,1
1128,J,1
1128,L,1
1128,R,1
1128,W,1
1128,X,1
1128,[,1
113,B,1
113,E,1
113,G,1
113,L,1
113,N,1
113,P,1
113,R,1
113,U,1
113,W,1
113,X,1
1131,I,1
1131,J,1
1131,M,1
1131,Q,1
1131,R,1
1131,T,1
1131,U,1
1135,E,1
1135,H,1
1135,M,1
1135,N,1
1135,O,1
1135,Q,1
1135,V,1
1135,X,1
1135,Y,1
1139,B,1
1139,D,1
1139,E,1
1139,M,1
1139,P,1
1139,R,1
1139,S,1
1139,V,1
1139,[,1
114,E,1
114,F,1
114,N,1
114,O,1
114,P,1
114,U,1
114,V,1
114,Y,1
114,Z,1
1141,C,1
1141,G,1
1141,L,1
1141,M,1
1141,N,1
1141,O,1
1141,W,1
1141,Y,1
1141,Z,1
1146,F,1
1146,H,1
1146,M,1
1146,P,1
1146,V,1
1146,X,1
1146,Y,1
1146,[,1
1147,B,1
1147,G,1
1147,K,1
1147,M,1
1147,N,1
1147,S,1
1147,T,1
1147,U,1
1147,[,1
1148,E,1
1148,K,1
1148,O,1
1148,V,1
1148,W,1
1148,Z,1
1149,C,1
1149,D,1
1149,G,1
1149,I,1
1149,J,1
1149,M,1
1149,N,1
1149,U,1
1149,X,1
1151,C,1
1151,K,1
1151,L,1
1151,M,1
1151,O,1
1151,W,1
1151,X,1
1151,Z,1
1151,[,1
1155,D,1
1155,E,1
1155,H,1
1155,I,1
1155,Q,1
1155,T,1
1155,U,1
1155,W,1
1157,H,1
1157,N,1
1157,Q,1
1157,R,1
1157,S,1
1157,U,1
1157,W,1
1157,[,1
1158,H,1
1158,L,1
1158,P,1
1158,Q,1
1158,U,1
1158,W,1
1158,X,1
1158,Y,1
1162,C,1
1162,J,1
1162,K,1
1162,L,1
1162,N,1
1162,P,1
1162,Q,1
1162,U,1
1162,V,1
1164,D,1
1164,J,1
1164,P,1
1164,R,1
1164,V,1
1164,X,1
1166,B,1
1166,D,1
1166,L,1
1166,P,1
1166,Q,1
1166,S,1
1166,T,1
1166,W,1
1166,Z,1
1167,G,1
1167,K,1
1167,L,1
1167,N,1
1167,Q,1
1167,S,1
1167,X,1
1167,Y,1
1167,Z,1
117,B,1
117,D,1
117,F,1
117,G,1
117,L,1
117,T,1
117,X,1
1174,E,1
1174,G,1
1174,L,1
1174,O,1
1174,P,1
1174,Q,1
1174,S,1
1174,U,1
1177,B,1
1177,F,1
1177,I,1
1177,P,1
1177,Q,1
1177,R,1
1177,V,1
1177,Y,1
1177,Z,1
1180,C,1
1180,D,1
1180,G,1
1180,O,1
1180,S,1
1180,T,1
1180,U,1
1180,V,1
1180,[,1
1181,G,1
1181,H,1
1181,I,1
1181,O,1
1181,P,1
1181,Q,1
1181,U,1
1181,X,1
1181,Z,1
1182,E,1
1182,I,1
1182,K,1
1182,L,1
1182,N,1
1182,R,1
1182,T,1
1182,W,1
1182,X,1
1183,C,1
1183,D,1
1183,F,1
1183,J,1
1183,M,1
1183,S,1
1183,W,1
1183,X,1
1185,G,1
1185,H,1
1185,L,1
1185,N,1
1185,R,1
1185,X,1
1185,Z,1
1185,[,1
1186,C,1
1186,F,1
1186,G,1
1186,H,1
1186,K,1
1186,N,1
1186,Z,1
1186,[,1
1188,B,1
1188,C,1
1188,D,1
1188,M,1
1188,S,1
1188,W,1
1188,Y,1
1188,[,1
1189,K,1
1189,N,1
1189,Q,1
1189,S,1
1189,T,1
1189,U,1
1189,[,1
1194,B,1
1194,H,1
1194,I,1
1194,J,1
1194,M,1
1194,N,1
1194,S,1
1194,V,1
1194,X,1
1198,B,1
1198,D,1
1198,E,1
1198,H,1
1198,M,1
1198,V,1
1198,W,1
1198,Z,1
1198,[,1
1200,E,1
1200,M,1
1200,R,1
1200,T,1
1200,U,1
1200,W,1
1200,X,1
1200,Y,1
1200,Z,1
1202,E,1
1202,G,1
1202,H,1
1202,I,1
1202,M,1
1202,N,1
1202,P,1
1202,R,1
1202,Y,1
1203,C,1
1203,P,1
1203,R,1
1203,W,1
1203,X,1
1203,[,1
1206,B,1
1206,D,1
1206,E,1
1206,G,1
1206,I,1
1206,J,1
1206,S,1
1206,U,1
1206,X,1
1209,B,1
1209,F,1
1209,G,1
1209,O,1
1209,Q,1
1209,S,1
1209,U,1
1209,Z,1
1209,[,1
1212,B,1
1212,F,1
1212,H,1
1212,L,1
1212,R,1
1212,U,1
1212,X,1
1212,Y,1
1214,B,1
1214,C,1
1214,G,1
1214,O,1
1214,Q,1
1214,T,1
1214,X,1
1214,Z,1
1214,[,1
1215,C,1
1215,D,1
1215,G,1
1215,H,1
1215,K,1
1215,N,1
1215,O,1
1215,U,1
1216,D,1
1216,E,1
1216,H,1
1216,I,1
1216,K,1
1216,O,1
1216,R,1
1216,S,1
1216,T,1
1216,Y,1
1217,C,1
1217,E,1
1217,H,1
1217,L,1
1217,O,1
1217,P,1
1217,R,1
1217,T,1
1217,W,1
1217,[,1
1218,C,1
1218,I,1
1218,J,1
1218,K,1
1218,L,1
1218,N,1
1218,X,1
1218,Y,1
1219,G,1
1219,I,1
1219,K,1
1219,M,1
1219,P,1
1219,W,1
1219,X,1
1219,Y,1
122,D,1
122,H,1
122,I,1
122,K,1
122,M,1
122,O,1
122,R,1
122,U,1
1220,G,1
1220,I,1
1220,J,1
1220,L,1
1220,N,1
1220,R,1
1220,T,1
1220,Y,1
1220,[,1
1223,B,1
1223,I,1
1223,M,1
1223,Q,1
1223,R,1
1223,T,1
1223,W,1
1223,X,1
1223,Y,1
1223,[,1
1227,F,1
1227,L,1
1227,O,1
1227,S,1
1227,T,1
1227,W,1
1227,Z,1
123,F,1
123,G,1
123,H,1
123,K,1
123,M,1
123,O,1
123,P,1
123,U,1
123,[,1
1232,E,1
1232,H,1
1232,K,1
1232,M,1
1232,N,1
1232,O,1
1232,S,1
1232,T,1
1232,[,1
1239,L,1
1239,M,1
1239,N,1
1239,O,1
1239,S,1
1239,T,1
1239,W,1
1239,Y,1
1239,Z,1
1240,C,1
1240,G,1
1240,I,1
1240,J,1
1240,K,1
1240,L,1
1240,W,1
1240,X,1
1240,[,1
1242,C,1
1242,D,1
1242,G,1
1242,J,1
1242,Q,1
1242,U,1
1242,V,1
1242,Z,1
1245,B,1
1245,C,1
1245,D,1
1245,E,1
1245,J,1
1245,L,1
1245,Q,1
1245,U,1
1245,X,1
1248,D,1
1248,L,1
1248,S,1
1248,U,1
1248,V,1
1248,X,1
1248,Y,1
1248,[,1
125,G,1
125,I,1
125,P,1
125,T,1
125,U,1
125,W,1
125,[,1
1253,B,1
1253,I,1
1253,J,1
1253,M,1
1253,N,1
1253,P,1
1253,T,1
1253,X,1
1253,Z,1
1255,B,1
1255,E,1
1255,F,1
1255,L,1
1255,M,1
1255,N,1
1255,T,1
1255,U,1
1255,[,1
1260,C,1
1260,D,1
1260,E,1
1260,H,1
1260,K,1
1260,M,1
1260,N,1
1260,P,1
1260,Z,1
1261,B,1
1261,F,1
1261,G,1
1261,J,1
1261,K,1
1261,L,1
1261,S,1
1262,D,1
1262,F,1
1262,L,1
1262,M,1
1262,P,1
1262,Q,1
1262,S,1
1262,T,1
1263,C,1
1263,D,1
1263,G,1
1263,K,1
1263,L,1
1263,N,1
1263,R,1
1263,S,1
1264,C,1
1264,D,1
1264,E,1
1264,Q,1
1264,S,1
1264,U,1
1264,X,1
1264,Z,1
1264,[,1
1267,D,1
1267,F,1
1267,J,1
1267,K,1
1267,M,1
1267,Q,1
1267,V,1
1267,Z,1
1269,C,1
1269,F,1
1269,H,1
1269,I,1
1269,J,1
1269,N,1
1269,Q,1
1269,Y,1
1269,[,1
1270,C,1
1270,D,1
1270,G,1
1270,O,1
1270,S,1
1270,X,1
1270,Y,1
1271,B,1
1271,F,1
1271,G,1
1271,H,1
1271,J,1
1271,S,1
1271,T,1
1271,Y,1
1271,Z,1
1272,F,1
1272,L,1
1272,P,1
1272,R,1
1272,S,1
1272,W,1
1272,Y,1
1272,Z,1
1272,[,1
1275,C,1
1275,E,1
1275,F,1
1275,L,1
1275,M,1
1275,Q,1
1275,R,1
1275,W,1
1275,X,1
1275,[,1
1277,C,1
1277,G,1
1277,I,1
1277,K,1
1277,N,1
1277,O,1
1277,W,1
1277,X,1
1278,C,1
1278,J,1
1278,L,1
1278,O,1
1278,Q,1
1278,X,1
1278,Z,1
1278,[,1
128,B,1
128,G,1
128,H,1
128,I,1
128,L,1
128,O,1
128,R,1
128,S,1
128,W,1
128,X,1
1280,B,1
1280,I,1
1280,L,1
1280,N,1
1280,R,1
1280,S,1
1280,W,1
1280,Z,1
1280,[,1
1281,C,1
1281,D,1
1281,E,1
1281,F,1
1281,H,1
1281,L,1
1281,Q,1
1281,R,1
1281,V,1
1281,W,1
1284,G,1
1284,I,1
1284,M,1
1284,R,1
1284,T,1
1284,U,1
1284,V,1
1284,X,1
1287,H,1
1287,I,1
1287,J,1
1287,K,1
1287,M,1
1287,Q,1
1287,S,1
1287,U,1
1287,[,1
1289,E,1
1289,G,1
1289,H,1
1289,I,1
1289,O,1
1289,R,1
1289,S,1
1289,W,1
1289,Y,1
129,B,1
129,D,1
129,E,1
129,F,1
129,I,1
129,N,1
129,Y,1
1290,C,1
1290,F,1
1290,H,1
1290,L,1
1290,Q,1
1290,V,1
1290,X,1
1290,[,1
1291,D,1
1291,E,1
1291,G,1
1291,I,1
1291,J,1
1291,M,1
1291,P,1
1291,Q,1
1291,W,1
1292,E,1
1292,F,1
1292,I,1
1292,L,1
1292,O,1
1292,P,1
1292,V,1
1292,Z,1
1293,D,1
1293,H,1
1293,J,1
1293,N,1
1293,P,1
1293,R,1
1293,X,1
1298,D,1
1298,L,1
1298,N,1
1298,P,1
1298,R,1
1298,V,1
1298,X,1
1298,Z,1
1298,[,1
13,B,1
13,D,1
13,J,1
13,M,1
13,S,1
13,V,1
13,Y,1
130,H,1
130,K,1
130,L,1
130,O,1
130,R,1
130,[,1
1303,C,1
1303,G,1
1303,H,1
1303,I,1
1303,K,1
1303,W,1
1303,X,1
1303,Y,1
1303,Z,1
1304,C,1
1304,M,1
1304,P,1
1304,S,1
1304,U,1
1304,V,1
1304,X,1
1304,Z,1
1308,C,1
1308,F,1
1308,G,1
1308,I,1
1308,K,1
1308,L,1
1308,Q,1
1308,S,1
1308,W,1
1314,E,1
1314,G,1
1314,H,1
1314,K,1
1314,L,1
1314,N,1
1314,R,1
1314,T,1
1314,W,1
1314,X,1
132,C,1
132,H,1
132,I,1
132,J,1
132,K,1
132,N,1
132,Q,1
132,T,1
132,Z,1
1321,B,1
1321,F,1
1321,L,1
1321,N,1
1321,Q,1
1321,S,1
1321,T,1
1321,U,1
1321,W,1
1321,Z,1
1324,B,1
1324,C,1
1324,H,1
1324,L,1
1324,Q,1
1324,S,1
1324,Y,1
1326,B,1
1326,D,1
1326,F,1
1326,J,1
1326,K,1
1326,M,1
1326,N,1
1326,O,1
1326,P,1
1326,Q,1
1328,D,1
1328,K,1
1328,Q,1
1328,R,1
1328,U,1
1328,W,1
1328,X,1
1328,Y,1
1339,D,1
1339,G,1
1339,K,1
1339,M,1
1339,Q,1
1339,S,1
1339,V,1
1339,X,1
134,B,1
134,E,1
134,J,1
134,S,1
134,V,1
134,X,1
134,Z,1
1341,D,1
1341,G,1
1341,H,1
1341,L,1
1341,U,1
1341,V,1
1341,Y,1
1342,B,1
1342,C,1
1342,E,1
1342,H,1
1342,N,1
1342,O,1
1342,P,1
1342,Z,1
1346,C,1
1346,D,1
1346,K,1
1346,W,1
1346,X,1
1346,Z,1
1348,B,1
1348,C,1
1348,D,1
1348,J,1
1348,M,1
1348,T,1
1348,U,1
1348,W,1
1348,Y,1
1348,Z,1
135,C,1
135,E,1
135,G,1
135,J,1
135,P,1
135,Q,1
135,S,1
135,T,1
1356,D,1
1356,E,1
1356,G,1
1356,J,1
1356,O,1
1356,P,1
1356,S,1
1356,T,1
1356,Z,1
1359,C,1
1359,K,1
1359,M,1
1359,O,1
1359,P,1
1359,Q,1
1359,S,1
1359,T,1
1359,V,1
1363,B,1
1363,D,1
1363,I,1
1363,K,1
1363,M,1
1363,P,1
1363,T,1
1363,Y,1
1367,B,1
1367,E,1
1367,I,1
1367,T,1
1367,U,1
1367,W,1
1367,Z,1
1369,C,1
1369,E,1
1369,I,1
1369,K,1
1369,L,1
1369,M,1
1369,S,1
1369,X,1
1376,C,1
1376,D,1
1376,I,1
1376,J,1
1376,K,1
1376,O,1
1376,Q,1
1376,U,1
1376,X,1
1376,Z,1
1377,B,1
1377,C,1
1377,D,1
1377,E,1
1377,I,1
1377,M,1
1377,N,1
1377,U,1
1377,X,1
1381,B,1
1381,D,1
1381,E,1
1381,H,1
1381,K,1
1381,N,1
1381,Q,1
1381,T,1
1381,W,1
1382,E,1
1382,G,1
1382,N,1
1382,O,1
1382,P,1
1382,T,1
1382,V,1
1382,Z,1
1383,B,1
1383,J,1
1383,L,1
1383,O,1
1383,S,1
1383,V,1
1383,W,1
1383,X,1
1383,Y,1
1389,B,1
1389,D,1
1389,E,1
1389,K,1
1389,O,1
1389,R,1
1389,S,1
1389,V,1
1389,W,1
1389,[,1
1390,C,1
1390,E,1
1390,H,1
1390,O,1
1390,R,1
1390,S,1
1390,U,1
1390,V,1
1390,Z,1
1392,F,1
1392,G,1
1392,H,1
1392,I,1
1392,L,1
1392,M,1
1392,R,1
1392,Z,1
1394,E,1
1394,J,1
1394,P,1
1394,Q,1
1394,V,1
1394,X,1
1394,Z,1
1394,[,1
1395,K,1
1395,L,1
1395,Q,1
1395,R,1
1395,W,1
1395,Z,1
1397,C,1
1397,G,1
1397,H,1
1397,J,1
1397,L,1
1397,N,1
1397,O,1
1397,U,1
1397,V,1
1397,X,1
14,G,1
14,K,1
14,L,1
14,M,1
14,T,1
14,X,1
14,Y,1
1403,F,1
1403,J,1
1403,K,1
1403,L,1
1403,P,1
1403,Q,1
1403,U,1
1403,Z,1
1405,E,1
1405,F,1
1405,I,1
1405,O,1
1405,R,1
1405,U,1
1405,X,1
1405,Z,1
1407,D,1
1407,G,1
1407,I,1
1407,O,1
1407,P,1
1407,R,1
1407,T,1
1407,U,1
1407,W,1
1408,D,1
1408,F,1
1408,K,1
1408,P,1
1408,Q,1
1408,T,1
1408,V,1
1408,W,1
1408,X,1
1412,B,1
1412,C,1
1412,H,1
1412,P,1
1412,T,1
1412,U,1
1412,X,1
1412,Y,1
1412,[,1
1415,B,1
1415,E,1
1415,K,1
1415,L,1
1415,N,1
1415,S,1
1415,T,1
1415,V,1
1416,B,1
1416,C,1
1416,E,1
1416,F,1
1416,M,1
1416,N,1
1416,S,1
1416,W,1
1416,Z,1
1423,G,1
1423,J,1
1423,K,1
1423,M,1
1423,N,1
1423,Q,1
1423,T,1
1423,Y,1
1423,[,1
1424,C,1
1424,H,1
1424,L,1
1424,N,1
1424,P,1
1424,R,1
1424,V,1
1424,X,1
1424,Y,1
1427,B,1
1427,H,1
1427,I,1
1427,J,1
1427,L,1
1427,O,1
1427,Q,1
1427,S,1
1427,Z,1
1428,C,1
1428,E,1
1428,M,1
1428,R,1
1428,S,1
1428,U,1
1428,W,1
1428,Y,1
1428,Z,1
1428,[,1
1429,B,1
1429,D,1
1429,F,1
1429,G,1
1429,L,1
1429,O,1
1429,S,1
1429,W,1
1429,[,1
143,B,1
143,G,1
143,L,1
143,O,1
143,R,1
143,T,1
143,V,1
143,Y,1
1433,D,1
1433,E,1
1433,G,1
1433,I,1
1433,O,1
1433,Q,1
1433,S,1
1433,Y,1
1437,E,1
1437,G,1
1437,K,1
1437,O,1
1437,S,1
1437,W,1
1437,X,1
1437,Z,1
1448,G,1
1448,K,1
1448,N,1
1448,O,1
1448,R,1
1448,T,1
1448,U,1
1448,X,1
1448,Y,1
1450,C,1
1450,D,1
1450,F,1
1450,I,1
1450,K,1
1450,L,1
1450,Q,1
1450,T,1
1450,U,1
1450,Y,1
1453,B,1
1453,D,1
1453,F,1
1453,K,1
1453,L,1
1453,M,1
1453,O,1
1453,P,1
1453,Y,1
1456,D,1
1456,J,1
1456,N,1
1456,P,1
1456,U,1
1456,Y,1
1457,C,1
1457,E,1
1457,J,1
1457,L,1
1457,M,1
1457,S,1
1457,U,1
1457,[,1
1459,B,1
1459,E,1
1459,I,1
1459,K,1
1459,O,1
1459,Q,1
1459,V,1
1459,X,1
1459,Y,1
1463,C,1
1463,E,1
1463,F,1
1463,H,1
1463,M,1
1463,P,1
1463,Q,1
1463,X,1
1463,Y,1
1464,C,1
1464,H,1
1464,I,1
1464,J,1
1464,P,1
1464,V,1
1464,Y,1
1464,Z,1
1469,F,1
1469,K,1
1469,P,1
1469,R,1
1469,S,1
1469,U,1
1469,V,1
1469,Y,1
1469,[,1
147,B,1
147,D,1
147,F,1
147,M,1
147,P,1
147,Q,1
147,U,1
147,X,1
1470,C,1
1470,F,1
1470,H,1
1470,J,1
1470,K,1
1470,M,1
1470,N,1
1470,U,1
1470,W,1
1474,D,1
1474,F,1
1474,H,1
1474,L,1
1474,Q,1
1474,S,1
1474,U,1
1474,Z,1
1479,C,1
1479,D,1
1479,E,1
1479,F,1
1479,G,1
1479,I,1
1479,N,1
1479,Q,1
1479,R,1
1479,X,1
148,F,1
148,H,1
148,N,1
148,R,1
148,S,1
148,X,1
148,Z,1
1482,B,1
1482,J,1
1482,L,1
1482,Q,1
1482,S,1
1482,T,1
1482,V,1
1482,[,1
1483,C,1
1483,E,1
1483,F,1
1483,I,1
1483,L,1
1483,M,1
1483,P,1
1484,C,1
1484,D,1
1484,N,1
1484,R,1
1484,S,1
1484,T,1
1484,U,1
1484,W,1
1484,Z,1
1487,E,1
1487,I,1
1487,M,1
1487,O,1
1487,P,1
1487,S,1
1487,X,1
1487,[,1
149,C,1
149,F,1
149,M,1
149,N,1
149,Q,1
149,R,1
149,S,1
149,Y,1
1491,H,1
1491,K,1
1491,Q,1
1491,S,1
1491,U,1
1491,X,1
1491,Z,1
1493,B,1
1493,D,1
1493,E,1
1493,J,1
1493,P,1
1493,S,1
1493,T,1
1493,[,1
1496,B,1
1496,F,1
1496,G,1
1496,I,1
1496,K,1
1496,L,1
1496,W,1
1496,X,1
1496,Z,1
15,B,1
15,F,1
15,J,1
15,L,1
15,N,1
15,S,1
15,Z,1
1500,E,1
1500,L,1
1500,O,1
1500,Q,1
1500,S,1
1500,U,1
1500,Y,1
1500,Z,1
1500,[,1
1506,B,1
1506,D,1
1506,E,1
1506,H,1
1506,I,1
1506,P,1
1506,Q,1
1506,S,1
1506,V,1
1506,X,1
1508,B,1
1508,F,1
1508,M,1
1508,N,1
1508,R,1
1508,V,1
1508,W,1
1508,X,1
1508,Z,1
1511,B,1
1511,C,1
1511,D,1
1511,F,1
1511,I,1
1511,L,1
1511,M,1
1511,R,1
1511,[,1
1515,G,1
1515,H,1
1515,J,1
1515,Q,1
1515,R,1
1515,W,1
1515,Y,1
1516,F,1
1516,G,1
1516,K,1
1516,O,1
1516,Q,1
1516,S,1
1516,U,1
1516,Y,1
1517,B,1
1517,E,1
1517,H,1
1517,I,1
1517,S,1
1517,W,1
1517,Y,1
1517,Z,1
1517,[,1
152,D,1
152,G,1
152,M,1
152,Q,1
152,S,1
152,U,1
152,Y,1
1524,B,1
1524,G,1
1524,H,1
1524,N,1
1524,O,1
1524,S,1
1524,Y,1
1524,[,1
1532,D,1
1532,J,1
1532,M,1
1532,Q,1
1532,S,1
1532,U,1
1532,W,1
1532,X,1
1532,Y,1
1532,Z,1
1536,C,1
1536,D,1
1536,G,1
1536,I,1
1536,P,1
1536,T,1
1536,W,1
1536,Y,1
1536,[,1
1539,D,1
1539,H,1
1539,K,1
1539,L,1
1539,O,1
1539,P,1
1539,W,1
1539,Y,1
1539,Z,1
1539,[,1
1540,F,1
1540,L,1
1540,O,1
1540,P,1
1540,S,1
1540,V,1
1540,Z,1
1542,C,1
1542,F,1
1542,K,1
1542,L,1
1542,Q,1
1542,T,1
1542,U,1
1542,V,1
1542,W,1
1542,Y,1
1543,C,1
1543,D,1
1543,F,1
1543,L,1
1543,O,1
1543,P,1
1543,Q,1
1543,R,1
1543,Z,1
1546,D,1
1546,F,1
1546,H,1
1546,N,1
1546,P,1
1546,U,1
1546,W,1
1546,Y,1
1546,[,1
1547,B,1
1547,E,1
1547,F,1
1547,G,1
1547,Q,1
1547,V,1
1547,W,1
1547,Y,1
1547,[,1
1549,C,1
1549,E,1
1549,F,1
1549,K,1
1549,N,1
1549,S,1
1549,[,1
155,D,1
155,E,1
155,L,1
155,M,1
155,P,1
155,Q,1
155,W,1
155,X,1
155,Y,1
1552,B,1
1552,D,1
1552,K,1
1552,L,1
1552,O,1
1552,P,1
1552,T,1
1552,U,1
1552,Z,1
1554,D,1
1554,G,1
1554,I,1
1554,J,1
1554,S,1
1554,U,1
1554,X,1
1554,[,1
1556,D,1
1556,F,1
1556,L,1
1556,M,1
1556,T,1
1556,U,1
1556,V,1
1557,C,1
1557,E,1
1557,G,1
1557,M,1
1557,S,1
1557,V,1
1557,X,1
1557,[,1
1559,B,1
1559,L,1
1559,M,1
1559,N,1
1559,Q,1
1559,R,1
1559,T,1
1559,U,1
1559,X,1
1561,D,1
1561,J,1
1561,K,1
1561,N,1
1561,P,1
1561,T,1
1561,W,1
1561,X,1
1561,[,1
1564,C,1
1564,E,1
1564,G,1
1564,K,1
1564,T,1
1564,V,1
1564,W,1
1564,Y,1
1565,C,1
1565,F,1
1565,M,1
1565,N,1
1565,O,1
1565,R,1
1565,U,1
1565,W,1
1565,X,1
1567,D,1
1567,E,1
1567,L,1
1567,M,1
1567,S,1
1567,T,1
1567,X,1
1567,Z,1
1573,B,1
1573,F,1
1573,K,1
1573,O,1
1573,P,1
1573,R,1
1573,T,1
1573,W,1
1575,G,1
1575,H,1
1575,J,1
1575,K,1
1575,Q,1
1575,T,1
1575,U,1
1575,V,1
1579,D,1
1579,E,1
1579,F,1
1579,H,1
1579,P,1
1579,Q,1
1579,S,1
1579,U,1
1579,Z,1
1581,H,1
1581,K,1
1581,M,1
1581,R,1
1581,X,1
1581,Y,1
1584,B,1
1584,F,1
1584,J,1
1584,L,1
1584,M,1
1584,P,1
1584,R,1
1584,W,1
1585,D,1
1585,I,1
1585,L,1
1585,U,1
1585,V,1
1585,X,1
1585,Y,1
1585,Z,1
1585,[,1
1587,B,1
1587,C,1
1587,N,1
1587,P,1
1587,Q,1
1587,S,1
1587,V,1
1587,W,1
159,D,1
159,G,1
159,I,1
159,K,1
159,M,1
159,N,1
159,O,1
159,U,1
1592,I,1
1592,J,1
1592,M,1
1592,N,1
1592,R,1
1592,S,1
1592,T,1
1592,Z,1
1593,B,1
1593,E,1
1593,H,1
1593,K,1
1593,L,1
1593,T,1
1593,Y,1
1593,Z,1
1596,B,1
1596,E,1
1596,H,1
1596,K,1
1596,N,1
1596,Q,1
1596,R,1
1596,S,1
1596,T,1
1601,B,1
1601,D,1
1601,E,1
1601,G,1
1601,K,1
1601,L,1
1601,M,1
1601,N,1
1601,Q,1
1601,W,1
1602,E,1
1602,F,1
1602,G,1
1602,J,1
1602,L,1
1602,M,1
1602,Q,1
1602,R,1
1602,T,1
1602,W,1
1605,D,1
1605,E,1
1605,H,1
1605,P,1
1605,S,1
1605,X,1
1605,[,1
1609,B,1
1609,E,1
1609,H,1
1609,O,1
1609,P,1
1609,S,1
1609,W,1
1609,X,1
1609,[,1
161,C,1
161,F,1
161,J,1
161,P,1
161,U,1
161,X,1
161,Y,1
1610,B,1
1610,F,1
1610,J,1
1610,S,1
1610,T,1
1610,U,1
1610,W,1
1610,Y,1
1610,Z,1
1613,B,1
1613,F,1
1613,P,1
1613,Q,1
1613,V,1
1613,X,1
1613,Y,1
1613,Z,1
1613,[,1
1614,B,1
1614,C,1
1614,F,1
1614,J,1
1614,K,1
1614,M,1
1614,P,1
1614,Q,1
1614,W,1
1614,Y,1
1615,B,1
1615,C,1
1615,N,1
1615,P,1
1615,Q,1
1615,U,1
1615,X,1
1615,Z,1
1616,C,1
1616,K,1
1616,M,1
1616,O,1
1616,P,1
1616,U,1
1616,X,1
1616,Y,1
1617,E,1
1617,J,1
1617,K,1
1617,L,1
1617,M,1
1617,P,1
1617,R,1
1617,U,1
1617,V,1
1618,B,1
1618,E,1
1618,H,1
1618,J,1
1618,K,1
1618,M,1
1618,N,1
1618,W,1
1618,X,1
1618,[,1
1619,C,1
1619,F,1
1619,I,1
1619,L,1
1619,N,1
1619,P,1
1619,Q,1
1619,R,1
1619,S,1
1619,Y,1
1622,B,1
1622,G,1
1622,J,1
1622,K,1
1622,N,1
1622,P,1
1622,U,1
1622,Z,1
1624,C,1
1624,G,1
1624,J,1
1624,K,1
1624,L,1
1624,M,1
1624,P,1
1624,S,1
1624,V,1
1624,Y,1
1626,B,1
1626,C,1
1626,D,1
1626,J,1
1626,T,1
1626,W,1
1626,Y,1
1627,J,1
1627,P,1
1627,Q,1
1627,R,1
1627,U,1
1627,V,1
1627,W,1
1627,Z,1
1627,[,1
1629,B,1
1629,F,1
1629,G,1
1629,H,1
1629,J,1
1629,L,1
1629,M,1
1629,P,1
1629,R,1
1629,V,1
1631,I,1
1631,L,1
1631,Q,1
1631,R,1
1631,S,1
1631,X,1
1631,Y,1
1632,D,1
1632,E,1
1632,F,1
1632,G,1
1632,H,1
1632,M,1
1632,P,1
1632,Q,1
1632,S,1
1632,U,1
1636,B,1
1636,G,1
1636,H,1
1636,J,1
1636,L,1
1636,S,1
1636,T,1
1636,[,1
1638,C,1
1638,D,1
1638,G,1
1638,I,1
1638,L,1
1638,N,1
1638,X,1
1638,Y,1
1638,[,1
1639,D,1
1639,E,1
1639,F,1
1639,G,1
1639,K,1
1639,M,1
1639,W,1
1639,Y,1
1641,D,1
1641,J,1
1641,N,1
1641,O,1
1641,P,1
1641,U,1
1641,Z,1
1643,E,1
1643,J,1
1643,K,1
1643,M,1
1643,Q,1
1643,T,1
1643,Z,1
1643,[,1
1645,B,1
1645,D,1
1645,E,1
1645,L,1
1645,N,1
1645,O,1
1645,U,1
1645,Y,1
1647,B,1
1647,H,1
1647,J,1
1647,K,1
1647,S,1
1647,V,1
1647,X,1
1648,B,1
1648,C,1
1648,E,1
1648,J,1
1648,L,1
1648,M,1
1648,O,1
1648,P,1
1648,Y,1
1651,C,1
1651,E,1
1651,F,1
1651,H,1
1651,L,1
1651,Q,1
1651,R,1
1651,T,1
1651,Y,1
1654,C,1
1654,E,1
1654,G,1
1654,I,1
1654,M,1
1654,N,1
1654,S,1
1654,V,1
1654,Y,1
1654,[,1
1656,B,1
1656,G,1
1656,I,1
1656,K,1
1656,L,1
1656,Q,1
1656,R,1
1656,W,1
1656,Z,1
1656,[,1
1657,E,1
1657,H,1
1657,J,1
1657,N,1
1657,O,1
1657,P,1
1657,R,1
1657,S,1
1657,U,1
1657,W,1
1658,B,1
1658,C,1
1658,D,1
1658,F,1
1658,G,1
1658,P,1
1658,R,1
1658,U,1
1660,J,1
1660,N,1
1660,Q,1
1660,R,1
1660,S,1
1660,T,1
1660,X,1
1660,Y,1
1664,M,1
1664,N,1
1664,R,1
1664,S,1
1664,V,1
1664,X,1
1664,Y,1
1670,B,1
1670,K,1
1670,Q,1
1670,S,1
1670,T,1
1670,V,1
1670,X,1
1670,Y,1
1670,Z,1
1670,[,1
1671,F,1
1671,G,1
1671,M,1
1671,O,1
1671,R,1
1671,U,1
1671,W,1
1671,Y,1
1672,E,1
1672,J,1
1672,L,1
1672,Q,1
1672,T,1
1672,U,1
1672,W,1
1672,Z,1
1672,[,1
1679,B,1
1679,C,1
1679,E,1
1679,F,1
1679,K,1
1679,M,1
1679,X,1
1679,Y,1
1679,Z,1
1682,B,1
1682,C,1
1682,J,1
1682,K,1
1682,M,1
1682,P,1
1682,Z,1
1686,B,1
1686,C,1
1686,E,1
1686,G,1
1686,H,1
1686,I,1
1686,P,1
1686,Y,1
1686,Z,1
1686,[,1
1691,E,1
1691,F,1
1691,I,1
1691,K,1
1691,L,1
1691,O,1
1691,P,1
1691,Y,1
1691,[,1
1693,D,1
1693,F,1
1693,J,1
1693,K,1
1693,Q,1
1693,R,1
1693,Y,1
1693,Z,1
1696,C,1
1696,F,1
1696,H,1
1696,N,1
1696,R,1
1696,S,1
1696,W,1
1696,Y,1
1696,Z,1
1699,D,1
1699,F,1
1699,H,1
1699,K,1
1699,P,1
1699,S,1
1699,W,1
1699,[,1
170,F,1
170,H,1
170,I,1
170,L,1
170,O,1
170,R,1
170,U,1
170,[,1
1701,E,1
1701,F,1
1701,G,1
1701,H,1
1701,K,1
1701,M,1
1701,Q,1
1701,T,1
1701,Y,1
1704,B,1
1704,C,1
1704,F,1
1704,H,1
1704,J,1
1704,M,1
1704,P,1
1704,T,1
1704,V,1
1705,F,1
1705,I,1
1705,J,1
1705,Q,1
1705,U,1
1705,Y,1
1705,Z,1
1705,[,1
1706,D,1
1706,E,1
1706,L,1
1706,N,1
1706,P,1
1706,U,1
1706,Y,1
1706,[,1
1708,E,1
1708,I,1
1708,J,1
1708,O,1
1708,Q,1
1708,W,1
1708,Y,1
1708,Z,1
1709,E,1
1709,F,1
1709,J,1
1709,N,1
1709,P,1
1709,V,1
1709,Y,1
1710,E,1
1710,G,1
1710,O,1
1710,P,1
1710,Q,1
1710,S,1
1710,W,1
1713,B,1
1713,F,1
1713,K,1
1713,M,1
1713,Q,1
1713,S,1
1713,T,1
1713,U,1
1713,V,1
1716,C,1
1716,D,1
1716,G,1
1716,O,1
1716,Q,1
1716,W,1
1716,[,1
1717,C,1
1717,F,1
1717,L,1
1717,O,1
1717,P,1
1717,Q,1
1717,R,1
1717,T,1
1719,B,1
1719,F,1
1719,J,1
1719,K,1
1719,O,1
1719,S,1
1719,W,1
1719,Y,1
172,I,1
172,L,1
172,O,1
172,P,1
172,U,1
172,W,1
172,[,1
1720,B,1
1720,C,1
1720,F,1
1720,K,1
1720,N,1
1720,O,1
1720,Q,1
1720,U,1
1720,W,1
1722,D,1
1722,I,1
1722,J,1
1722,K,1
1722,L,1
1722,M,1
1722,P,1
1722,T,1
1725,B,1
1725,C,1
1725,E,1
1725,G,1
1725,N,1
1725,R,1
1725,T,1
1725,U,1
1725,V,1
1725,X,1
1726,D,1
1726,E,1
1726,I,1
1726,K,1
1726,L,1
1726,O,1
1726,R,1
1726,X,1
1726,[,1
1727,B,1
1727,D,1
1727,H,1
1727,I,1
1727,L,1
1727,O,1
1727,U,1
1727,W,1
1727,[,1
1729,D,1
1729,L,1
1729,M,1
1729,N,1
1729,P,1
1729,Q,1
1729,U,1
1729,X,1
1729,Z,1
1731,B,1
1731,D,1
1731,L,1
1731,P,1
1731,Q,1
1731,T,1
1731,U,1
1731,Z,1
1737,B,1
1737,M,1
1737,N,1
1737,P,1
1737,R,1
1737,Y,1
1737,[,1
1739,D,1
1739,J,1
1739,R,1
1739,T,1
1739,U,1
1739,W,1
1739,Y,1
1739,Z,1
174,C,1
174,D,1
174,I,1
174,L,1
174,O,1
174,Q,1
174,U,1
174,X,1
1740,B,1
1740,E,1
1740,I,1
1740,K,1
1740,P,1
1740,Q,1
1740,R,1
1740,T,1
1740,Y,1
1741,C,1
1741,J,1
1741,K,1
1741,M,1
1741,N,1
1741,R,1
1741,T,1
1741,Z,1
1745,B,1
1745,M,1
1745,N,1
1745,Q,1
1745,R,1
1745,T,1
1745,U,1
1746,G,1
1746,Q,1
1746,R,1
1746,T,1
1746,V,1
1746,X,1
1746,Z,1
175,B,1
175,D,1
175,E,1
175,J,1
175,L,1
175,U,1
175,V,1
175,X,1
175,Y,1
1751,D,1
1751,J,1
1751,L,1
1751,O,1
1751,S,1
1751,W,1
1751,X,1
1751,Z,1
1753,C,1
1753,F,1
1753,N,1
1753,O,1
1753,Q,1
1753,S,1
1753,U,1
1753,V,1
1753,Y,1
1754,F,1
1754,J,1
1754,O,1
1754,Q,1
1754,R,1
1754,T,1
1754,Y,1
1754,Z,1
1754,[,1
1756,B,1
1756,C,1
1756,D,1
1756,E,1
1756,Q,1
1756,U,1
1756,V,1
1756,X,1
1756,Y,1
1758,B,1
1758,E,1
1758,F,1
1758,G,1
1758,L,1
1758,M,1
1758,Q,1
1758,[,1
1760,D,1
1760,G,1
1760,O,1
1760,P,1
1760,Q,1
1760,S,1
1760,W,1
1760,Y,1
1765,G,1
1765,H,1
1765,J,1
1765,N,1
1765,P,1
1765,V,1
1765,W,1
1765,Y,1
1766,C,1
1766,L,1
1766,M,1
1766,R,1
1766,S,1
1766,Z,1
1766,[,1
1768,E,1
1768,G,1
1768,I,1
1768,O,1
1768,X,1
1768,Y,1
1768,Z,1
1768,[,1
177,B,1
177,C,1
177,F,1
177,H,1
177,K,1
177,R,1
177,W,1
177,Y,1
177,Z,1
1770,I,1
1770,J,1
1770,N,1
1770,R,1
1770,V,1
1770,W,1
1770,Y,1
1771,B,1
1771,C,1
1771,E,1
1771,G,1
1771,J,1
1771,O,1
1771,W,1
1771,[,1
1772,B,1
1772,L,1
1772,M,1
1772,N,1
1772,O,1
1772,Q,1
1772,R,1
1772,U,1
1772,X,1
1777,D,1
1777,F,1
1777,Q,1
1777,R,1
1777,T,1
1777,U,1
1777,X,1
1777,Y,1
1777,[,1
1778,B,1
1778,D,1
1778,E,1
1778,G,1
1778,I,1
1778,J,1
1778,K,1
1778,M,1
1778,S,1
1778,X,1
1779,H,1
1779,I,1
1779,J,1
1779,K,1
1779,M,1
1779,N,1
1779,Q,1
1779,V,1
1785,D,1
1785,I,1
1785,K,1
1785,L,1
1785,R,1
1785,V,1
1785,X,1
1785,[,1
1787,C,1
1787,E,1
1787,G,1
1787,I,1
1787,L,1
1787,R,1
1787,U,1
1787,V,1
1787,Z,1
1788,C,1
1788,D,1
1788,F,1
1788,G,1
1788,L,1
1788,Q,1
1788,T,1
1788,[,1
1789,B,1
1789,E,1
1789,F,1
1789,H,1
1789,K,1
1789,O,1
1789,Q,1
1789,T,1
1789,V,1
1789,W,1
1790,E,1
1790,K,1
1790,L,1
1790,P,1
1790,X,1
1790,Y,1
1790,Z,1
1790,[,1
1791,H,1
1791,I,1
1791,L,1
1791,O,1
1791,Q,1
1791,S,1
1791,T,1
1791,U,1
1791,[,1
1792,D,1
1792,E,1
1792,I,1
1792,L,1
1792,O,1
1792,P,1
1792,R,1
1792,W,1
1792,X,1
1792,[,1
1794,C,1
1794,I,1
1794,K,1
1794,M,1
1794,P,1
1794,U,1
1794,Z,1
1797,B,1
1797,C,1
1797,J,1
1797,K,1
1797,L,1
1797,M,1
1797,N,1
1797,U,1
1797,V,1
1797,W,1
1798,E,1
1798,G,1
1798,H,1
1798,I,1
1798,L,1
1798,Q,1
1798,W,1
1798,X,1
1798,Y,1
18,C,1
18,E,1
18,F,1
18,H,1
18,I,1
18,J,1
18,K,1
18,Q,1
18,V,1
18,Y,1
180,B,1
180,F,1
180,L,1
180,S,1
180,T,1
180,U,1
180,V,1
180,Y,1
180,Z,1
1801,B,1
1801,C,1
1801,M,1
1801,N,1
1801,S,1
1801,U,1
1801,W,1
1801,Z,1
1806,B,1
1806,D,1
1806,E,1
1806,F,1
1806,G,1
1806,H,1
1806,K,1
1806,Y,1
1806,Z,1
1807,C,1
1807,H,1
1807,K,1
1807,L,1
1807,O,1
1807,P,1
1807,R,1
1807,T,1
1807,U,1
1807,Z,1
1808,B,1
1808,E,1
1808,L,1
1808,M,1
1808,O,1
1808,P,1
1808,Y,1
1814,D,1
1814,E,1
1814,J,1
1814,M,1
1814,O,1
1814,U,1
1814,[,1
1817,C,1
1817,G,1
1817,J,1
1817,S,1
1817,U,1
1817,W,1
1817,Y,1
1817,Z,1
1825,G,1
1825,I,1
1825,K,1
1825,M,1
1825,N,1
1825,O,1
1825,Q,1
1825,R,1
1825,T,1
1829,B,1
1829,E,1
1829,F,1
1829,I,1
1829,M,1
1829,O,1
1829,Q,1
1829,U,1
183,E,1
183,H,1
183,I,1
183,J,1
183,K,1
183,O,1
183,S,1
183,V,1
183,[,1
1830,C,1
1830,G,1
1830,K,1
1830,L,1
1830,M,1
1830,N,1
1830,Q,1
1830,S,1
1830,U,1
1831,C,1
1831,D,1
1831,G,1
1831,H,1
1831,J,1
1831,N,1
1831,Q,1
1831,Y,1
1832,C,1
1832,D,1
1832,I,1
1832,J,1
1832,N,1
1832,O,1
1832,S,1
1832,V,1
1832,Y,1
1834,C,1
1834,D,1
1834,F,1
1834,J,1
1834,K,1
1834,V,1
1834,W,1
1834,X,1
1834,[,1
1838,C,1
1838,D,1
1838,O,1
1838,Q,1
1838,R,1
1838,T,1
1838,X,1
184,F,1
184,G,1
184,J,1
184,K,1
184,O,1
184,P,1
184,Q,1
184,X,1
1840,E,1
1840,H,1
1840,J,1
1840,K,1
1840,V,1
1840,X,1
1840,Y,1
1849,C,1
1849,D,1
1849,F,1
1849,H,1
1849,P,1
1849,U,1
1849,Y,1
185,B,1
185,D,1
185,H,1
185,I,1
185,N,1
185,R,1
185,W,1
185,Z,1
1850,D,1
1850,E,1
1850,F,1
1850,H,1
1850,M,1
1850,O,1
1850,V,1
1850,X,1
1850,Z,1
1852,F,1
1852,G,1
1852,H,1
1852,J,1
1852,O,1
1852,R,1
1852,V,1
1852,Z,1
1852,[,1
1853,E,1
1853,L,1
1853,O,1
1853,Q,1
1853,S,1
1853,X,1
1853,Z,1
1855,D,1
1855,I,1
1855,P,1
1855,Q,1
1855,S,1
1855,X,1
1855,Y,1
1855,Z,1
1855,[,1
1863,B,1
1863,F,1
1863,L,1
1863,N,1
1863,T,1
1863,U,1
1863,X,1
1863,Y,1
1865,C,1
1865,E,1
1865,J,1
1865,M,1
1865,P,1
1865,T,1
1865,V,1
1868,C,1
1868,G,1
1868,H,1
1868,L,1
1868,S,1
1868,T,1
1868,X,1
187,B,1
187,E,1
187,L,1
187,P,1
187,S,1
187,U,1
187,V,1
187,W,1
187,Z,1
1870,G,1
1870,H,1
1870,O,1
1870,P,1
1870,Q,1
1870,T,1
1870,V,1
1871,C,1
1871,L,1
1871,M,1
1871,N,1
1871,V,1
1871,X,1
1871,Y,1
1874,B,1
1874,D,1
1874,E,1
1874,H,1
1874,K,1
1874,L,1
1874,P,1
1874,W,1
1876,B,1
1876,E,1
1876,F,1
1876,G,1
1876,H,1
1876,M,1
1876,U,1
1876,X,1
1876,[,1
1878,C,1
1878,D,1
1878,F,1
1878,L,1
1878,U,1
1878,V,1
1878,X,1
1878,Y,1
1879,E,1
1879,H,1
1879,I,1
1879,J,1
1879,K,1
1879,N,1
1879,P,1
1879,R,1
1879,Y,1
188,B,1
188,H,1
188,L,1
188,M,1
188,N,1
188,O,1
188,R,1
188,U,1
188,Y,1
1880,C,1
1880,F,1
1880,J,1
1880,L,1
1880,M,1
1880,R,1
1880,S,1
1880,U,1
1880,X,1
1880,Y,1
1882,D,1
1882,E,1
1882,K,1
1882,N,1
1882,O,1
1882,P,1
1882,U,1
1882,V,1
1882,X,1
1882,[,1
1888,C,1
1888,D,1
1888,E,1
1888,H,1
1888,J,1
1888,T,1
1888,W,1
1888,X,1
1889,D,1
1889,E,1
1889,G,1
1889,J,1
1889,K,1
1889,M,1
1889,O,1
1889,Q,1
1889,R,1
1889,[,1
189,D,1
189,E,1
189,H,1
189,I,1
189,K,1
189,N,1
189,P,1
189,Q,1
189,S,1
189,X,1
1892,B,1
1892,D,1
1892,F,1
1892,H,1
1892,R,1
1892,U,1
1892,V,1
1892,X,1
1892,Y,1
1892,Z,1
1893,C,1
1893,F,1
1893,K,1
1893,V,1
1893,W,1
1894,E,1
1894,J,1
1894,L,1
1894,M,1
1894,N,1
1894,U,1
1894,V,1
1894,W,1
1894,X,1
1894,Y,1
1901,C,1
1901,F,1
1901,G,1
1901,H,1
1901,K,1
1901,L,1
1901,N,1
1901,O,1
1901,P,1
1901,X,1
1902,D,1
1902,G,1
1902,L,1
1902,Q,1
1902,T,1
1902,U,1
1902,X,1
1902,Y,1
1902,[,1
1907,K,1
1907,M,1
1907,N,1
1907,R,1
1907,S,1
1907,W,1
1907,Y,1
1907,[,1
1908,E,1
1908,F,1
1908,I,1
1908,L,1
1908,Q,1
1908,R,1
1908,S,1
1908,U,1
1908,Z,1
1909,C,1
1909,F,1
1909,I,1
1909,M,1
1909,N,1
1909,Q,1
1909,R,1
1909,S,1
1909,V,1
1911,B,1
1911,E,1
1911,H,1
1911,K,1
1911,O,1
1911,U,1
1911,Z,1
1911,[,1
1912,H,1
1912,L,1
1912,O,1
1912,Q,1
1912,R,1
1912,U,1
1912,W,1
1912,Y,1
1912,[,1
1913,B,1
1913,C,1
1913,E,1
1913,J,1
1913,M,1
1913,Q,1
1913,R,1
1913,W,1
1914,C,1
1914,D,1
1914,G,1
1914,I,1
1914,M,1
1914,P,1
1914,U,1
1914,Y,1
1918,C,1
1918,H,1
1918,I,1
1918,J,1
1918,R,1
1918,S,1
1918,T,1
1918,Y,1
192,B,1
192,C,1
192,E,1
192,F,1
192,N,1
192,S,1
192,U,1
192,V,1
192,Z,1
192,[,1
1923,B,1
1923,C,1
1923,G,1
1923,L,1
1923,O,1
1923,R,1
1923,S,1
1923,Y,1
1923,[,1
1927,E,1
1927,K,1
1927,P,1
1927,Q,1
1927,T,1
1927,Y,1
1927,Z,1
1930,B,1
1930,C,1
1930,D,1
1930,F,1
1930,G,1
1930,K,1
1930,Q,1
1930,X,1
1930,Y,1
1932,E,1
1932,F,1
1932,I,1
1932,L,1
1932,M,1
1932,U,1
1932,Z,1
1933,B,1
1933,E,1
1933,F,1
1933,H,1
1933,J,1
1933,P,1
1933,R,1
1933,V,1
1933,Y,1
1935,G,1
1935,H,1
1935,J,1
1935,L,1
1935,R,1
1935,T,1
1935,W,1
1935,X,1
1935,Z,1
1936,B,1
1936,C,1
1936,D,1
1936,G,1
1936,O,1
1936,R,1
1936,S,1
1936,W,1
1936,Z,1
1938,G,1
1938,I,1
1938,J,1
1938,N,1
1938,O,1
1938,P,1
1938,X,1
1938,Y,1
1940,D,1
1940,G,1
1940,J,1
1940,M,1
1940,Q,1
1940,R,1
1940,T,1
1940,Y,1
1941,B,1
1941,I,1
1941,L,1
1941,N,1
1941,P,1
1941,U,1
1941,X,1
1941,Z,1
1942,D,1
1942,E,1
1942,G,1
1942,H,1
1942,K,1
1942,L,1
1942,O,1
1942,S,1
1942,U,1
1942,V,1
1943,C,1
1943,D,1
1943,E,1
1943,I,1
1943,K,1
1943,M,1
1943,O,1
1943,V,1
1949,D,1
1949,E,1
1949,H,1
1949,I,1
1949,N,1
1949,S,1
1949,W,1
1950,G,1
1950,I,1
1950,J,1
1950,N,1
1950,Q,1
1950,R,1
1950,S,1
1950,W,1
1950,X,1
1951,F,1
1951,I,1
1951,K,1
1951,N,1
1951,Q,1
1951,T,1
1951,W,1
1951,Y,1
1951,[,1
1954,C,1
1954,F,1
1954,K,1
1954,L,1
1954,M,1
1954,N,1
1954,O,1
1954,U,1
1954,V,1
1961,M,1
1961,N,1
1961,P,1
1961,Q,1
1961,T,1
1961,V,1
1961,Y,1
1962,B,1
1962,C,1
1962,F,1
1962,Q,1
1962,S,1
1962,U,1
1962,Y,1
1962,Z,1
1962,[,1
1963,B,1
1963,H,1
1963,M,1
1963,O,1
1963,R,1
1963,V,1
1963,W,1
1963,[,1
1965,C,1
1965,E,1
1965,K,1
1965,O,1
1965,P,1
1965,S,1
1965,V,1
1965,X,1
197,B,1
197,H,1
197,J,1
197,L,1
197,M,1
197,P,1
197,S,1
197,T,1
197,U,1
197,Y,1
1970,C,1
1970,D,1
1970,G,1
1970,K,1
1970,L,1
1970,O,1
1970,R,1
1970,T,1
1970,U,1
1970,Y,1
1971,C,1
1971,D,1
1971,H,1
1971,I,1
1971,N,1
1971,O,1
1971,Q,1
1971,T,1
1972,C,1
1972,F,1
1972,H,1
1972,J,1
1972,N,1
1972,U,1
1973,B,1
1973,H,1
1973,I,1
1973,L,1
1973,M,1
1973,N,1
1973,P,1
1973,Q,1
1973,W,1
1973,Y,1
1978,B,1
1978,C,1
1978,D,1
1978,F,1
1978,O,1
1978,P,1
1978,Q,1
1978,T,1
1978,Z,1
1979,B,1
1979,E,1
1979,H,1
1979,L,1
1979,N,1
1979,O,1
1979,S,1
1979,T,1
1979,U,1
1983,D,1
1983,H,1
1983,I,1
1983,J,1
1983,M,1
1983,P,1
1983,Y,1
1983,Z,1
1983,[,1
1985,D,1
1985,F,1
1985,J,1
1985,K,1
1985,O,1
1985,P,1
1985,R,1
1987,C,1
1987,F,1
1987,G,1
1987,J,1
1987,K,1
1987,L,1
1987,M,1
1987,Q,1
1987,X,1
1989,E,1
1989,M,1
1989,Q,1
1989,U,1
1989,W,1
1989,X,1
1989,Y,1
1991,C,1
1991,I,1
1991,N,1
1991,Q,1
1991,S,1
1991,V,1
1991,Y,1
1991,Z,1
1993,D,1
1993,F,1
1993,G,1
1993,K,1
1993,L,1
1993,M,1
1993,O,1
1994,I,1
1994,J,1
1994,L,1
1994,O,1
1994,P,1
1994,S,1
1994,T,1
1994,X,1
1994,Y,1
1995,D,1
1995,I,1
1995,O,1
1995,P,1
1995,Q,1
1995,Y,1
1998,C,1
1998,F,1
1998,G,1
1998,K,1
1998,P,1
1998,Q,1
1998,T,1
1998,X,1
1998,Z,1
20,B,1
20,C,1
20,K,1
20,S,1
20,T,1
20,U,1
20,V,1
20,W,1
20,Y,1
2001,C,1
2001,D,1
2001,F,1
2001,J,1
2001,L,1
2001,N,1
2001,Y,1
2002,B,1
2002,C,1
2002,N,1
2002,S,1
2002,V,1
2002,W,1
2002,Y,1
2004,E,1
2004,I,1
2004,Q,1
2004,W,1
2004,[,1
2005,F,1
2005,J,1
2005,N,1
2005,P,1
2005,V,1
2005,W,1
2005,Y,1
2005,Z,1
2007,C,1
2007,D,1
2007,G,1
2007,H,1
2007,I,1
2007,K,1
2007,N,1
2007,S,1
2007,X,1
2008,C,1
2008,F,1
2008,H,1
2008,I,1
2008,M,1
2008,O,1
2008,P,1
2008,X,1
201,E,1
201,K,1
201,M,1
201,P,1
201,R,1
201,U,1
201,Y,1
201,[,1
2012,C,1
2012,E,1
2012,I,1
2012,J,1
2012,L,1
2012,Q,1
2012,R,1
2012,S,1
2012,T,1
2012,Z,1
2017,B,1
2017,C,1
2017,J,1
2017,L,1
2017,N,1
2017,R,1
2017,S,1
2017,W,1
2017,Z,1
2017,[,1
2018,D,1
2018,E,1
2018,G,1
2018,I,1
2018,K,1
2018,M,1
2018,U,1
2018,V,1
2019,H,1
2019,I,1
2019,J,1
2019,L,1
2019,M,1
2019,O,1
2019,R,1
2019,S,1
2019,T,1
2019,Z,1
202,C,1
202,K,1
202,L,1
202,M,1
202,N,1
202,W,1
202,Y,1
2026,M,1
2026,P,1
2026,Q,1
2026,R,1
2026,U,1
2026,W,1
2026,[,1
2028,D,1
2028,H,1
2028,J,1
2028,L,1
2028,Q,1
2028,R,1
2028,U,1
2028,Y,1
2029,C,1
2029,E,1
2029,G,1
2029,I,1
2029,O,1
2029,R,1
2029,T,1
2029,Z,1
2029,[,1
2031,B,1
2031,D,1
2031,F,1
2031,H,1
2031,I,1
2031,L,1
2031,O,1
2031,W,1
2031,X,1
2031,Y,1
2033,B,1
2033,C,1
2033,D,1
2033,H,1
2033,M,1
2033,W,1
2033,Z,1
2036,B,1
2036,D,1
2036,E,1
2036,G,1
2036,J,1
2036,L,1
2036,O,1
2036,S,1
2036,W,1
2036,[,1
2039,B,1
2039,D,1
2039,G,1
2039,H,1
2039,L,1
2039,T,1
2039,X,1
2039,Y,1
2040,E,1
2040,I,1
2040,J,1
2040,N,1
2040,O,1
2040,P,1
2040,R,1
2040,W,1
2040,X,1
2040,[,1
2041,G,1
2041,J,1
2041,K,1
2041,N,1
2041,S,1
2041,T,1
2041,W,1
2041,Y,1
2041,Z,1
2042,B,1
2042,D,1
2042,F,1
2042,L,1
2042,M,1
2042,N,1
2042,R,1
2042,U,1
2042,V,1
2042,Z,1
2043,H,1
2043,L,1
2043,P,1
2043,R,1
2043,T,1
2043,V,1
2043,Y,1
2043,[,1
2044,B,1
2044,C,1
2044,D,1
2044,F,1
2044,H,1
2044,I,1
2044,K,1
2044,M,1
2044,R,1
2050,F,1
2050,G,1
2050,M,1
2050,T,1
2050,X,1
2050,Y,1
2050,Z,1
2050,[,1
2051,D,1
2051,I,1
2051,J,1
2051,M,1
2051,O,1
2051,S,1
2051,U,1
2051,X,1
2051,Z,1
2051,[,1
2052,B,1
2052,C,1
2052,D,1
2052,K,1
2052,S,1
2052,T,1
2052,Y,1
2056,C,1
2056,G,1
2056,H,1
2056,L,1
2056,N,1
2056,O,1
2056,T,1
2056,X,1
2058,B,1
2058,C,1
2058,H,1
2058,I,1
2058,N,1
2058,T,1
2058,Y,1
2058,Z,1
206,D,1
206,F,1
206,G,1
206,K,1
206,L,1
206,Q,1
206,S,1
206,X,1
206,Z,1
2060,C,1
2060,D,1
2060,F,1
2060,H,1
2060,I,1
2060,M,1
2060,O,1
2060,V,1
2060,Z,1
2060,[,1
2062,B,1
2062,F,1
2062,G,1
2062,N,1
2062,T,1
2062,U,1
2062,V,1
2062,W,1
2062,Y,1
2063,E,1
2063,H,1
2063,I,1
2063,J,1
2063,L,1
2063,R,1
2063,W,1
2063,Y,1
2065,G,1
2065,J,1
2065,L,1
2065,T,1
2065,Y,1
2065,Z,1
2066,C,1
2066,M,1
2066,N,1
2066,T,1
2066,U,1
2066,V,1
2066,Z,1
2070,B,1
2070,C,1
2070,D,1
2070,E,1
2070,G,1
2070,J,1
2070,S,1
2070,X,1
2070,Z,1
2070,[,1
2071,G,1
2071,H,1
2071,K,1
2071,L,1
2071,M,1
2071,N,1
2071,P,1
2071,Q,1
2071,V,1
2071,[,1
2076,B,1
2076,F,1
2076,I,1
2076,J,1
2076,P,1
2076,S,1
2076,T,1
2076,W,1
2081,C,1
2081,F,1
2081,H,1
2081,J,1
2081,O,1
2081,R,1
2081,Z,1
2081,[,1
2082,F,1
2082,G,1
2082,K,1
2082,L,1
2082,N,1
2082,P,1
2082,R,1
2082,[,1
2083,C,1
2083,E,1
2083,G,1
2083,J,1
2083,N,1
2083,Q,1
2083,R,1
2083,U,1
2083,W,1
2083,X,1
2085,F,1
2085,P,1
2085,S,1
2085,W,1
2085,X,1
2085,[,1
2086,B,1
2086,C,1
2086,D,1
2086,E,1
2086,J,1
2086,M,1
2086,T,1
2088,B,1
2088,G,1
2088,H,1
2088,K,1
2088,P,1
2088,Q,1
2088,S,1
2088,T,1
2088,X,1
2092,G,1
2092,L,1
2092,M,1
2092,N,1
2092,R,1
2092,S,1
2092,W,1
2097,B,1
2097,E,1
2097,J,1
2097,M,1
2097,P,1
2097,V,1
2097,Z,1
2097,[,1
21,B,1
21,E,1
21,F,1
21,H,1
21,O,1
21,V,1
2101,D,1
2101,E,1
2101,F,1
2101,J,1
2101,K,1
2101,O,1
2101,V,1
2101,Y,1
2101,Z,1
2102,C,1
2102,F,1
2102,K,1
2102,O,1
2102,W,1
2102,Z,1
2104,B,1
2104,E,1
2104,M,1
2104,N,1
2104,T,1
2104,X,1
2104,Y,1
2105,E,1
2105,K,1
2105,N,1
2105,R,1
2105,W,1
2105,X,1
2105,Z,1
2105,[,1
2107,B,1
2107,I,1
2107,M,1
2107,Q,1
2107,S,1
2107,T,1
2107,U,1
2107,W,1
2107,Y,1
2109,F,1
2109,G,1
2109,I,1
2109,R,1
2109,T,1
2109,U,1
2109,W,1
2109,X,1
2109,Y,1
211,B,1
211,D,1
211,G,1
211,Q,1
211,R,1
211,T,1
211,Y,1
211,Z,1
2112,H,1
2112,J,1
2112,N,1
2112,Q,1
2112,T,1
2112,U,1
2112,Z,1
2113,C,1
2113,D,1
2113,F,1
2113,G,1
2113,H,1
2113,K,1
2113,O,1
2113,Q,1
2113,Z,1
2115,E,1
2115,K,1
2115,O,1
2115,P,1
2115,U,1
2115,W,1
2115,X,1
2115,Z,1
2118,G,1
2118,L,1
2118,N,1
2118,P,1
2118,R,1
2118,S,1
2118,Y,1
2118,Z,1
2119,B,1
2119,I,1
2119,K,1
2119,L,1
2119,Q,1
2119,T,1
2119,X,1
2119,Z,1
2120,B,1
2120,D,1
2120,E,1
2120,H,1
2120,P,1
2120,R,1
2120,U,1
2120,V,1
2123,B,1
2123,F,1
2123,G,1
2123,M,1
2123,N,1
2123,O,1
2123,Q,1
2123,T,1
2123,[,1
2126,K,1
2126,O,1
2126,P,1
2126,Q,1
2126,S,1
2126,Y,1
2126,Z,1
2126,[,1
2127,B,1
2127,D,1
2127,G,1
2127,H,1
2127,I,1
2127,U,1
2127,Y,1
2127,Z,1
213,E,1
213,G,1
213,H,1
213,J,1
213,P,1
213,Q,1
213,R,1
213,S,1
213,U,1
2130,C,1
2130,H,1
2130,N,1
2130,S,1
2130,U,1
2130,V,1
2130,W,1
2130,Z,1
2131,F,1
2131,H,1
2131,K,1
2131,N,1
2131,P,1
2131,Q,1
2131,R,1
2131,W,1
2131,[,1
2136,D,1
2136,F,1
2136,J,1
2136,K,1
2136,O,1
2136,P,1
2136,X,1
2136,Y,1
2136,Z,1
2140,B,1
2140,H,1
2140,J,1
2140,O,1
2140,P,1
2140,Q,1
2140,T,1
2140,V,1
2141,B,1
2141,E,1
2141,F,1
2141,G,1
2141,J,1
2141,O,1
2141,Q,1
2141,W,1
2142,B,1
2142,E,1
2142,G,1
2142,H,1
2142,L,1
2142,S,1
2142,T,1
2142,V,1
2142,W,1
2142,Y,1
2143,E,1
2143,G,1
2143,K,1
2143,M,1
2143,P,1
2143,Q,1
2143,S,1
2143,W,1
2146,F,1
2146,K,1
2146,M,1
2146,N,1
2146,O,1
2146,S,1
2146,U,1
2146,Z,1
2147,B,1
2147,C,1
2147,D,1
2147,H,1
2147,J,1
2147,N,1
2147,R,1
2147,S,1
2147,T,1
2147,X,1
2150,B,1
2150,D,1
2150,E,1
2150,G,1
2150,J,1
2150,R,1
2150,S,1
2150,T,1
2150,Z,1
2150,[,1
2151,C,1
2151,H,1
2151,M,1
2151,O,1
2151,P,1
2151,R,1
2151,S,1
2151,W,1
2151,X,1
2151,Z,1
2153,B,1
2153,G,1
2153,H,1
2153,J,1
2153,K,1
2153,O,1
2153,U,1
2153,W,1
2153,X,1
2153,Y,1
2158,B,1
2158,E,1
2158,G,1
2158,J,1
2158,K,1
2158,Q,1
2158,T,1
2158,V,1
2158,W,1
2158,[,1
2159,E,1
2159,F,1
2159,G,1
2159,M,1
2159,N,1
2159,R,1
2159,T,1
2159,U,1
2159,W,1
2159,Z,1
2162,E,1
2162,G,1
2162,K,1
2162,L,1
2162,O,1
2162,R,1
2162,X,1
2162,Y,1
2169,C,1
2169,H,1
2169,K,1
2169,L,1
2169,N,1
2169,U,1
2169,V,1
2169,W,1
2169,X,1
217,F,1
217,G,1
217,I,1
217,P,1
217,S,1
217,U,1
217,X,1
2170,E,1
2170,H,1
2170,J,1
2170,K,1
2170,M,1
2170,T,1
2170,W,1
2170,Z,1
2174,E,1
2174,G,1
2174,I,1
2174,K,1
2174,V,1
2174,W,1
2174,Y,1
2174,Z,1
2177,B,1
2177,H,1
2177,K,1
2177,P,1
2177,Q,1
2177,R,1
2177,S,1
2177,X,1
218,G,1
218,J,1
218,K,1
218,N,1
218,P,1
218,R,1
218,T,1
218,U,1
218,V,1
2182,C,1
2182,L,1
2182,P,1
2182,Q,1
2182,T,1
2182,U,1
2182,W,1
2182,Y,1
2182,Z,1
2183,C,1
2183,H,1
2183,I,1
2183,K,1
2183,L,1
2183,S,1
2183,X,1
2183,Z,1
2184,E,1
2184,J,1
2184,L,1
2184,O,1
2184,R,1
2184,V,1
2184,Y,1
2185,B,1
2185,G,1
2185,H,1
2185,L,1
2185,P,1
2185,Q,1
2185,X,1
2185,Y,1
2186,K,1
2186,L,1
2186,P,1
2186,Q,1
2186,R,1
2186,U,1
2186,V,1
2186,W,1
2186,Z,1
2186,[,1
2193,C,1
2193,D,1
2193,L,1
2193,O,1
2193,Q,1
2193,S,1
2193,Z,1
220,B,1
220,D,1
220,E,1
220,G,1
220,H,1
220,K,1
220,L,1
220,Q,1
2200,B,1
2200,G,1
2200,O,1
2200,R,1
2200,S,1
2200,X,1
2200,Y,1
2200,Z,1
2202,B,1
2202,C,1
2202,D,1
2202,G,1
2202,I,1
2202,O,1
2202,Q,1
2202,V,1
2202,Y,1
2203,B,1
2203,F,1
2203,J,1
2203,K,1
2203,L,1
2203,N,1
2203,S,1
2203,X,1
2203,Y,1
2203,Z,1
2204,G,1
2204,I,1
2204,J,1
2204,L,1
2204,M,1
2204,O,1
2204,S,1
2204,U,1
2204,V,1
2204,W,1
2205,B,1
2205,D,1
2205,E,1
2205,N,1
2205,Q,1
2205,R,1
2205,S,1
2205,W,1
2205,Y,1
2206,B,1
2206,E,1
2206,F,1
2206,H,1
2206,K,1
2206,M,1
2206,O,1
2206,Q,1
2206,Y,1
2206,[,1
2207,D,1
2207,J,1
2207,N,1
2207,R,1
2207,S,1
2207,U,1
2207,W,1
2207,Y,1
2207,Z,1
2209,F,1
2209,I,1
2209,J,1
2209,K,1
2209,L,1
2209,T,1
2209,Z,1
2210,B,1
2210,G,1
2210,I,1
2210,L,1
2210,N,1
2210,O,1
2210,U,1
2210,V,1
2210,Y,1
2211,D,1
2211,I,1
2211,L,1
2211,N,1
2211,P,1
2211,Q,1
2211,W,1
2211,Z,1
2212,D,1
2212,G,1
2212,H,1
2212,I,1
2212,Q,1
2212,U,1
2212,W,1
2212,Y,1
2213,D,1
2213,H,1
2213,R,1
2213,S,1
2213,T,1
2213,X,1
2213,Z,1
2213,[,1
2214,F,1
2214,J,1
2214,L,1
2214,N,1
2214,Q,1
2214,R,1
2214,V,1
2214,W,1
2216,B,1
2216,H,1
2216,K,1
2216,Q,1
2216,U,1
2216,V,1
2216,W,1
2216,Y,1
2217,B,1
2217,C,1
2217,F,1
2217,I,1
2217,L,1
2217,Q,1
2217,U,1
2217,W,1
2217,X,1
2218,C,1
2218,D,1
2218,F,1
2218,G,1
2218,H,1
2218,I,1
2218,J,1
2218,K,1
2218,N,1
2218,O,1
2223,F,1
2223,I,1
2223,J,1
2223,K,1
2223,P,1
2223,S,1
2223,V,1
2223,W,1
2223,[,1
2224,E,1
2224,I,1
2224,M,1
2224,N,1
2224,Q,1
2224,T,1
2224,W,1
2224,Y,1
2224,Z,1
2226,H,1
2226,I,1
2226,J,1
2226,K,1
2226,L,1
2226,M,1
2226,Q,1
2226,S,1
2226,W,1
2228,C,1
2228,D,1
2228,E,1
2228,K,1
2228,L,1
2228,O,1
2228,P,1
2228,R,1
2228,W,1
2228,Z,1
2230,D,1
2230,J,1
2230,K,1
2230,M,1
2230,O,1
2230,P,1
2230,U,1
2230,V,1
2230,Y,1
2232,F,1
2232,I,1
2232,N,1
2232,O,1
2232,S,1
2232,T,1
2232,W,1
2236,H,1
2236,J,1
2236,L,1
2236,N,1
2236,O,1
2236,P,1
2236,X,1
2237,B,1
2237,D,1
2237,H,1
2237,O,1
2237,Q,1
2237,U,1
2237,V,1
2237,X,1
2238,B,1
2238,D,1
2238,G,1
2238,I,1
2238,M,1
2238,O,1
2238,R,1
2238,U,1
2238,W,1
2240,G,1
2240,L,1
2240,M,1
2240,P,1
2240,S,1
2240,U,1
2240,Y,1
2242,C,1
2242,J,1
2242,N,1
2242,O,1
2242,S,1
2242,Z,1
2242,[,1
2244,C,1
2244,E,1
2244,F,1
2244,P,1
2244,Q,1
2244,R,1
2244,U,1
2244,[,1
2248,D,1
2248,H,1
2248,I,1
2248,M,1
2248,O,1
2248,P,1
2248,S,1
2248,V,1
2248,X,1
2249,C,1
2249,D,1
2249,F,1
2249,M,1
2249,Q,1
2249,U,1
2249,V,1
2249,Y,1
2254,F,1
2254,J,1
2254,L,1
2254,M,1
2254,V,1
2254,Y,1
2254,[,1
2256,B,1
2256,F,1
2256,J,1
2256,P,1
2256,Q,1
2256,R,1
2256,V,1
2256,Y,1
2256,Z,1
2256,[,1
2257,B,1
2257,E,1
2257,G,1
2257,K,1
2257,L,1
2257,M,1
2257,P,1
2257,Q,1
2257,U,1
2258,C,1
2258,D,1
2258,K,1
2258,L,1
2258,N,1
2258,P,1
2258,T,1
2258,V,1
2258,Z,1
2259,J,1
2259,Q,1
2259,V,1
2259,W,1
2259,X,1
2259,Z,1
2259,[,1
226,G,1
226,L,1
226,O,1
226,P,1
226,Q,1
226,S,1
226,T,1
226,X,1
226,Z,1
2262,F,1
2262,G,1
2262,J,1
2262,K,1
2262,Q,1
2262,V,1
2262,Y,1
2262,[,1
2265,C,1
2265,E,1
2265,H,1
2265,I,1
2265,L,1
2265,M,1
2265,U,1
2265,V,1
2265,X,1
2265,[,1
2267,D,1
2267,E,1
2267,F,1
2267,G,1
2267,K,1
2267,N,1
2267,T,1
2267,Y,1
2268,C,1
2268,E,1
2268,H,1
2268,I,1
2268,M,1
2268,N,1
2268,X,1
2268,Z,1
2269,E,1
2269,J,1
2269,K,1
2269,M,1
2269,Q,1
2269,U,1
2269,X,1
2269,[,1
227,C,1
227,G,1
227,H,1
227,I,1
227,K,1
227,O,1
227,R,1
227,U,1
227,W,1
2274,D,1
2274,I,1
2274,J,1
2274,L,1
2274,M,1
2274,P,1
2274,V,1
2274,W,1
2275,D,1
2275,F,1
2275,G,1
2275,I,1
2275,M,1
2275,Q,1
2275,T,1
2275,V,1
2276,E,1
2276,F,1
2276,G,1
2276,H,1
2276,M,1
2276,Q,1
2276,S,1
2276,T,1
2276,W,1
2276,[,1
2277,E,1
2277,F,1
2277,I,1
2277,L,1
2277,M,1
2277,U,1
2277,W,1
2277,Y,1
2277,[,1
2278,G,1
2278,H,1
2278,I,1
2278,P,1
2278,T,1
2278,V,1
2278,X,1
2278,[,1
2279,B,1
2279,C,1
2279,F,1
2279,K,1
2279,O,1
2279,R,1
2279,V,1
2279,Y,1
2279,Z,1
228,E,1
228,I,1
228,K,1
228,M,1
228,N,1
228,U,1
228,V,1
228,Y,1
2280,B,1
2280,G,1
2280,I,1
2280,K,1
2280,L,1
2280,P,1
2280,Q,1
2280,S,1
2280,Z,1
2281,B,1
2281,C,1
2281,D,1
2281,G,1
2281,K,1
2281,M,1
2281,N,1
2281,R,1
2281,S,1
2281,X,1
2283,C,1
2283,F,1
2283,K,1
2283,P,1
2283,Q,1
2283,S,1
2283,X,1
2283,Z,1
2287,B,1
2287,C,1
2287,D,1
2287,J,1
2287,Q,1
2287,V,1
2287,W,1
2287,Y,1
2288,G,1
2288,H,1
2288,O,1
2288,P,1
2288,S,1
2288,T,1
2288,U,1
2288,X,1
2288,[,1
2289,B,1
2289,H,1
2289,I,1
2289,M,1
2289,N,1
2289,Q,1
2289,X,1
2289,Z,1
2291,D,1
2291,E,1
2291,F,1
2291,J,1
2291,K,1
2291,N,1
2291,O,1
2291,R,1
2291,[,1
2293,D,1
2293,I,1
2293,J,1
2293,K,1
2293,P,1
2293,S,1
2293,T,1
2293,W,1
2293,Y,1
2295,E,1
2295,H,1
2295,I,1
2295,K,1
2295,O,1
2295,Q,1
2295,S,1
2295,V,1
2295,X,1
2297,C,1
2297,J,1
2297,M,1
2297,N,1
2297,Q,1
2297,S,1
2297,T,1
2297,Y,1
2297,Z,1
2302,B,1
2302,C,1
2302,E,1
2302,M,1
2302,Q,1
2302,S,1
2302,T,1
2302,[,1
233,C,1
233,E,1
233,G,1
233,M,1
233,Q,1
233,S,1
233,T,1
233,U,1
233,Y,1
234,C,1
234,D,1
234,K,1
234,P,1
234,Q,1
234,R,1
236,C,1
236,E,1
236,M,1
236,S,1
236,U,1
236,V,1
236,X,1
236,Y,1
236,[,1
238,D,1
238,F,1
238,J,1
238,N,1
238,Q,1
238,T,1
238,W,1
238,Y,1
238,[,1
24,B,1
24,C,1
24,D,1
24,I,1
24,J,1
24,P,1
24,T,1
24,Y,1
240,B,1
240,D,1
240,F,1
240,K,1
240,M,1
240,V,1
240,Y,1
246,F,1
246,H,1
246,K,1
246,P,1
246,Q,1
246,S,1
246,V,1
246,W,1
246,Y,1
247,D,1
247,G,1
247,K,1
247,M,1
247,P,1
247,Q,1
247,V,1
247,W,1
247,[,1
248,E,1
248,F,1
248,G,1
248,K,1
248,L,1
248,O,1
248,Q,1
248,V,1
248,Y,1
249,G,1
249,J,1
249,L,1
249,N,1
249,R,1
249,T,1
249,W,1
249,X,1
250,J,1
250,L,1
250,N,1
250,Q,1
250,R,1
250,U,1
250,X,1
250,Z,1
252,D,1
252,G,1
252,H,1
252,J,1
252,P,1
252,R,1
252,S,1
252,Z,1
253,B,1
253,D,1
253,I,1
253,K,1
253,L,1
253,O,1
253,U,1
253,V,1
253,X,1
255,F,1
255,G,1
255,H,1
255,I,1
255,O,1
255,Q,1
255,X,1
255,Z,1
255,[,1
256,D,1
256,F,1
256,H,1
256,I,1
256,R,1
256,S,1
256,T,1
256,V,1
258,F,1
258,G,1
258,H,1
258,N,1
258,Y,1
258,Z,1
259,D,1
259,J,1
259,K,1
259,M,1
259,N,1
259,S,1
259,T,1
259,[,1
267,B,1
267,C,1
267,L,1
267,M,1
267,P,1
267,R,1
267,U,1
267,[,1
271,F,1
271,G,1
271,H,1
271,J,1
271,O,1
271,P,1
271,R,1
271,S,1
279,D,1
279,E,1
279,G,1
279,N,1
279,O,1
279,S,1
279,V,1
279,X,1
279,Y,1
280,F,1
280,G,1
280,H,1
280,J,1
280,K,1
280,M,1
280,P,1
280,R,1
280,V,1
283,B,1
283,H,1
283,I,1
283,M,1
283,N,1
283,Q,1
283,U,1
283,Y,1
283,Z,1
285,F,1
285,I,1
285,J,1
285,M,1
285,S,1
285,T,1
285,V,1
285,X,1
285,Z,1
286,B,1
286,E,1
286,L,1
286,M,1
286,O,1
286,R,1
286,T,1
286,Z,1
288,C,1
288,J,1
288,M,1
288,Q,1
288,R,1
288,S,1
288,U,1
288,X,1
289,F,1
289,H,1
289,I,1
289,M,1
289,N,1
289,S,1
289,V,1
289,W,1
291,C,1
291,H,1
291,P,1
291,R,1
291,T,1
291,U,1
291,X,1
297,F,1
297,G,1
297,H,1
297,I,1
297,S,1
297,T,1
300,C,1
300,F,1
300,H,1
300,J,1
300,M,1
300,P,1
300,Q,1
300,X,1
300,Y,1
301,C,1
301,I,1
301,K,1
301,L,1
301,M,1
301,P,1
301,R,1
301,X,1
302,B,1
302,E,1
302,H,1
302,J,1
302,P,1
302,S,1
302,Y,1
302,Z,1
304,C,1
304,G,1
304,J,1
304,K,1
304,L,1
304,N,1
304,R,1
304,Z,1
306,C,1
306,F,1
306,L,1
306,O,1
306,P,1
306,S,1
306,V,1
306,W,1
307,D,1
307,G,1
307,H,1
307,M,1
307,N,1
307,Q,1
307,T,1
307,W,1
307,Z,1
309,C,1
309,J,1
309,L,1
309,M,1
309,N,1
309,O,1
309,P,1
309,R,1
309,S,1
309,W,1
310,C,1
310,E,1
310,F,1
310,M,1
310,P,1
310,T,1
310,W,1
310,Y,1
310,Z,1
312,J,1
312,P,1
312,Q,1
312,R,1
312,T,1
312,U,1
312,W,1
312,X,1
312,Y,1
313,B,1
313,E,1
313,G,1
313,J,1
313,L,1
313,O,1
313,P,1
313,V,1
316,H,1
316,L,1
316,M,1
316,U,1
316,V,1
316,Z,1
316,[,1
317,C,1
317,J,1
317,L,1
317,M,1
317,O,1
317,P,1
317,Q,1
317,R,1
317,S,1
319,D,1
319,E,1
319,G,1
319,J,1
319,L,1
319,Q,1
319,U,1
319,[,1
322,B,1
322,E,1
322,G,1
322,M,1
322,S,1
322,U,1
322,V,1
322,Y,1
323,F,1
323,G,1
323,H,1
323,I,1
323,P,1
323,S,1
323,T,1
323,Y,1
323,Z,1
325,C,1
325,G,1
325,I,1
325,M,1
325,N,1
325,P,1
325,V,1
325,[,1
326,C,1
326,E,1
326,H,1
326,J,1
326,K,1
326,Q,1
326,W,1
326,Z,1
327,G,1
327,H,1
327,I,1
327,M,1
327,N,1
327,Q,1
327,U,1
327,W,1
327,Y,1
328,B,1
328,E,1
328,G,1
328,H,1
328,I,1
328,N,1
328,T,1
328,W,1
328,Y,1
330,C,1
330,E,1
330,H,1
330,K,1
330,M,1
330,N,1
330,W,1
330,X,1
330,Y,1
330,[,1
332,H,1
332,L,1
332,M,1
332,P,1
332,U,1
332,V,1
332,W,1
332,Y,1
333,B,1
333,F,1
333,H,1
333,M,1
333,P,1
333,Q,1
333,U,1
333,V,1
333,Z,1
333,[,1
334,D,1
334,M,1
334,N,1
334,Q,1
334,U,1
334,W,1
334,X,1
334,Y,1
334,Z,1
335,B,1
335,D,1
335,F,1
335,I,1
335,J,1
335,K,1
335,L,1
335,S,1
335,U,1
335,Z,1
337,F,1
337,H,1
337,N,1
337,P,1
337,Q,1
337,W,1
337,X,1
337,[,1
339,D,1
339,I,1
339,L,1
339,P,1
339,T,1
339,U,1
339,W,1
339,X,1
339,Y,1
340,B,1
340,K,1
340,N,1
340,R,1
340,T,1
340,U,1
340,Y,1
340,[,1
341,B,1
341,C,1
341,G,1
341,H,1
341,J,1
341,K,1
341,L,1
341,R,1
341,T,1
341,W,1
342,C,1
342,F,1
342,G,1
342,J,1
342,L,1
342,P,1
342,R,1
344,C,1
344,F,1
344,H,1
344,I,1
344,K,1
344,L,1
344,N,1
344,P,1
344,[,1
346,H,1
346,O,1
346,P,1
346,T,1
346,U,1
346,X,1
346,Y,1
346,[,1
347,E,1
347,G,1
347,I,1
347,K,1
347,L,1
347,M,1
347,Q,1
347,T,1
347,X,1
347,Z,1
354,E,1
354,K,1
354,R,1
354,V,1
354,W,1
354,X,1
354,Y,1
354,Z,1
355,D,1
355,E,1
355,H,1
355,I,1
355,L,1
355,V,1
355,X,1
355,Y,1
358,D,1
358,J,1
358,K,1
358,L,1
358,O,1
358,Q,1
358,R,1
358,W,1
358,Y,1
358,Z,1
360,D,1
360,E,1
360,G,1
360,I,1
360,K,1
360,N,1
360,R,1
360,V,1
360,X,1
361,L,1
361,P,1
361,S,1
361,T,1
361,V,1
361,Y,1
361,Z,1
363,D,1
363,M,1
363,N,1
363,P,1
363,W,1
363,Z,1
364,E,1
364,O,1
364,P,1
364,Q,1
364,R,1
364,T,1
364,U,1
364,Y,1
366,I,1
366,J,1
366,K,1
366,L,1
366,N,1
366,V,1
366,Z,1
368,G,1
368,L,1
368,N,1
368,O,1
368,R,1
368,V,1
368,Y,1
368,Z,1
369,M,1
369,N,1
369,O,1
369,P,1
369,Q,1
369,R,1
369,V,1
369,Z,1
369,[,1
372,E,1
372,H,1
372,I,1
372,O,1
372,P,1
372,T,1
372,V,1
372,X,1
372,Z,1
379,C,1
379,G,1
379,L,1
379,M,1
379,O,1
379,R,1
379,V,1
379,X,1
379,Z,1
38,M,1
38,N,1
38,O,1
38,R,1
38,S,1
38,T,1
38,W,1
38,Y,1
38,Z,1
380,F,1
380,G,1
380,H,1
380,I,1
380,Q,1
380,R,1
380,X,1
382,D,1
382,G,1
382,J,1
382,M,1
382,N,1
382,Q,1
382,T,1
382,U,1
382,W,1
382,X,1
386,C,1
386,E,1
386,K,1
386,M,1
386,Q,1
386,V,1
386,W,1
388,F,1
388,G,1
388,I,1
388,K,1
388,L,1
388,M,1
388,N,1
388,T,1
388,U,1
388,V,1
389,G,1
389,H,1
389,K,1
389,N,1
389,S,1
389,T,1
389,W,1
389,Y,1
389,[,1
390,C,1
390,D,1
390,F,1
390,O,1
390,P,1
390,T,1
390,X,1
390,Y,1
390,Z,1
391,F,1
391,H,1
391,I,1
391,Q,1
391,R,1
391,U,1
391,Z,1
391,[,1
392,C,1
392,G,1
392,H,1
392,K,1
392,L,1
392,N,1
392,Q,1
393,B,1
393,D,1
393,E,1
393,I,1
393,R,1
393,V,1
393,Y,1
393,[,1
398,H,1
398,J,1
398,L,1
398,O,1
398,Q,1
398,U,1
4,J,1
4,K,1
4,M,1
4,P,1
4,T,1
4,W,1
4,X,1
4,[,1
404,B,1
404,G,1
404,L,1
404,O,1
404,U,1
404,V,1
404,Y,1
404,Z,1
406,G,1
406,K,1
406,P,1
406,R,1
406,S,1
406,T,1
406,U,1
406,Y,1
407,C,1
407,M,1
407,N,1
407,T,1
407,V,1
407,X,1
407,Y,1
407,[,1
41,B,1
41,G,1
41,H,1
41,J,1
41,K,1
41,O,1
41,R,1
41,T,1
41,Y,1
41,Z,1
411,B,1
411,E,1
411,F,1
411,H,1
411,P,1
411,T,1
411,W,1
411,Y,1
416,D,1
416,F,1
416,H,1
416,I,1
416,N,1
416,Q,1
416,R,1
416,Y,1
416,Z,1
417,B,1
417,D,1
417,E,1
417,G,1
417,P,1
417,Q,1
417,X,1
417,[,1
418,D,1
418,F,1
418,H,1
418,I,1
418,K,1
418,M,1
418,Q,1
418,R,1
418,W,1
418,X,1
419,C,1
419,H,1
419,M,1
419,N,1
419,W,1
419,Z,1
419,[,1
422,B,1
422,D,1
422,E,1
422,F,1
422,H,1
422,O,1
422,T,1
422,U,1
426,F,1
426,H,1
426,L,1
426,Q,1
426,X,1
426,Y,1
426,[,1
43,B,1
43,E,1
43,I,1
43,K,1
43,N,1
43,O,1
43,P,1
43,S,1
43,U,1
43,Z,1
430,L,1
430,M,1
430,N,1
430,P,1
430,S,1
430,W,1
430,X,1
430,Y,1
431,C,1
431,G,1
431,M,1
431,O,1
431,P,1
431,R,1
431,S,1
431,X,1
431,Z,1
435,B,1
435,E,1
435,G,1
435,L,1
435,O,1
435,S,1
435,X,1
437,D,1
437,E,1
437,F,1
437,G,1
437,N,1
437,S,1
437,V,1
437,Y,1
437,[,1
438,B,1
438,C,1
438,F,1
438,K,1
438,M,1
438,N,1
438,P,1
438,R,1
438,U,1
443,C,1
443,E,1
443,F,1
443,G,1
443,H,1
443,J,1
443,K,1
443,M,1
443,O,1
443,Q,1
444,B,1
444,C,1
444,D,1
444,E,1
444,F,1
444,I,1
444,P,1
444,Z,1
448,F,1
448,G,1
448,M,1
448,R,1
448,S,1
448,U,1
448,X,1
451,D,1
451,F,1
451,J,1
451,K,1
451,M,1
451,U,1
451,W,1
451,[,1
46,F,1
46,J,1
46,N,1
46,R,1
46,S,1
46,W,1
46,X,1
46,Z,1
462,C,1
462,D,1
462,H,1
462,I,1
462,J,1
462,R,1
462,S,1
466,B,1
466,E,1
466,G,1
466,I,1
466,U,1
466,W,1
466,X,1
466,[,1
468,F,1
468,G,1
468,H,1
468,I,1
468,J,1
468,L,1
468,N,1
468,S,1
468,T,1
468,Y,1
469,B,1
469,F,1
469,G,1
469,M,1
469,R,1
469,V,1
469,W,1
469,Z,1
469,[,1
47,B,1
47,D,1
47,G,1
47,K,1
47,O,1
47,Q,1
47,V,1
47,[,1
470,B,1
470,J,1
470,P,1
470,R,1
470,T,1
470,U,1
470,V,1
470,Z,1
475,B,1
475,D,1
475,E,1
475,F,1
475,H,1
475,I,1
475,K,1
475,O,1
475,R,1
475,X,1
477,F,1
477,G,1
477,L,1
477,R,1
477,T,1
477,V,1
477,Z,1
477,[,1
479,C,1
479,D,1
479,F,1
479,I,1
479,L,1
479,N,1
479,Q,1
479,U,1
479,X,1
480,B,1
480,D,1
480,E,1
480,I,1
480,K,1
480,O,1
480,R,1
480,S,1
480,W,1
482,E,1
482,H,1
482,K,1
482,O,1
482,Q,1
482,R,1
482,S,1
482,W,1
482,X,1
483,D,1
483,E,1
483,K,1
483,Q,1
483,U,1
483,X,1
483,Y,1
483,Z,1
486,C,1
486,J,1
486,L,1
486,P,1
486,Q,1
486,R,1
486,S,1
486,W,1
488,B,1
488,E,1
488,L,1
488,M,1
488,S,1
488,V,1
488,X,1
49,B,1
49,L,1
49,M,1
49,P,1
49,T,1
49,Y,1
49,Z,1
494,B,1
494,C,1
494,E,1
494,H,1
494,I,1
494,O,1
494,P,1
494,R,1
494,V,1
496,B,1
496,K,1
496,M,1
496,O,1
496,P,1
496,T,1
496,U,1
496,V,1
496,X,1
496,Y,1
497,B,1
497,E,1
497,F,1
497,I,1
497,Q,1
497,T,1
497,W,1
497,Z,1
498,B,1
498,D,1
498,F,1
498,J,1
498,L,1
498,N,1
498,O,1
498,Q,1
498,T,1
498,Y,1
499,C,1
499,F,1
499,N,1
499,P,1
499,R,1
499,S,1
499,T,1
499,W,1
499,X,1
502,F,1
502,G,1
502,H,1
502,J,1
502,K,1
502,L,1
502,Q,1
502,S,1
502,Y,1
503,G,1
503,I,1
503,M,1
503,O,1
503,Q,1
503,S,1
503,X,1
503,Z,1
504,B,1
504,F,1
504,J,1
504,M,1
504,P,1
504,Q,1
504,T,1
504,U,1
504,W,1
509,B,1
509,J,1
509,K,1
509,P,1
509,Q,1
509,R,1
509,T,1
509,W,1
509,Y,1
51,D,1
51,H,1
51,O,1
51,P,1
51,Q,1
51,W,1
51,X,1
514,B,1
514,C,1
514,D,1
514,G,1
514,L,1
514,N,1
514,R,1
514,X,1
514,[,1
515,B,1
515,N,1
515,Q,1
515,U,1
515,W,1
515,Y,1
515,[,1
516,D,1
516,F,1
516,G,1
516,L,1
516,N,1
516,O,1
516,U,1
516,Y,1
516,[,1
519,C,1
519,E,1
519,H,1
519,K,1
519,L,1
519,O,1
519,P,1
519,V,1
519,Z,1
52,J,1
52,K,1
52,M,1
52,P,1
52,U,1
52,W,1
52,X,1
521,D,1
521,M,1
521,N,1
521,O,1
521,P,1
521,S,1
521,X,1
521,Z,1
526,H,1
526,K,1
526,L,1
526,M,1
526,O,1
526,P,1
526,T,1
526,Z,1
53,D,1
53,G,1
53,I,1
53,K,1
53,L,1
53,P,1
53,R,1
53,U,1
53,Z,1
530,C,1
530,G,1
530,I,1
530,J,1
530,K,1
530,L,1
530,P,1
530,S,1
530,U,1
530,V,1
532,B,1
532,C,1
532,F,1
532,K,1
532,L,1
532,N,1
532,V,1
532,W,1
532,X,1
535,D,1
535,F,1
535,G,1
535,K,1
535,Q,1
535,T,1
535,U,1
535,V,1
535,Z,1
536,B,1
536,F,1
536,K,1
536,L,1
536,P,1
536,Q,1
536,T,1
536,V,1
536,Y,1
540,G,1
540,M,1
540,O,1
540,R,1
540,S,1
540,T,1
541,I,1
541,J,1
541,N,1
541,Q,1
541,S,1
541,T,1
541,U,1
541,V,1
543,C,1
543,D,1
543,J,1
543,K,1
543,R,1
543,Z,1
543,[,1
546,B,1
546,C,1
546,F,1
546,M,1
546,P,1
546,W,1
546,Y,1
546,Z,1
546,[,1
549,B,1
549,C,1
549,E,1
549,G,1
549,H,1
549,L,1
549,U,1
549,X,1
549,[,1
550,B,1
550,E,1
550,J,1
550,L,1
550,N,1
550,S,1
550,V,1
550,W,1
551,H,1
551,J,1
551,N,1
551,Q,1
551,R,1
551,T,1
551,V,1
551,W,1
551,Z,1
553,D,1
553,J,1
553,K,1
553,L,1
553,P,1
553,S,1
553,Z,1
553,[,1
554,C,1
554,L,1
554,R,1
554,T,1
554,X,1
554,Y,1
554,Z,1
56,D,1
56,F,1
56,H,1
56,J,1
56,L,1
56,N,1
56,O,1
56,W,1
562,D,1
562,E,1
562,H,1
562,I,1
562,M,1
562,O,1
562,T,1
562,V,1
562,X,1
562,Z,1
569,F,1
569,I,1
569,J,1
569,O,1
569,P,1
569,R,1
569,U,1
569,V,1
57,B,1
57,E,1
57,M,1
57,P,1
57,U,1
57,V,1
57,W,1
57,Z,1
571,C,1
571,G,1
571,H,1
571,J,1
571,N,1
571,O,1
571,Q,1
571,R,1
571,X,1
573,D,1
573,E,1
573,H,1
573,L,1
573,Q,1
573,R,1
573,S,1
573,V,1
573,W,1
576,C,1
576,F,1
576,G,1
576,I,1
576,O,1
576,S,1
576,U,1
576,W,1
576,[,1
579,D,1
579,K,1
579,L,1
579,M,1
579,N,1
579,P,1
579,S,1
579,U,1
579,Z,1
579,[,1
580,E,1
580,G,1
580,I,1
580,M,1
580,Q,1
580,R,1
580,T,1
580,V,1
580,X,1
583,C,1
583,G,1
583,L,1
583,N,1
583,O,1
583,W,1
583,Z,1
583,[,1
585,B,1
585,F,1
585,H,1
585,J,1
585,K,1
585,M,1
585,P,1
585,R,1
585,W,1
585,X,1
586,C,1
586,K,1
586,P,1
586,R,1
586,U,1
586,X,1
587,B,1
587,G,1
587,J,1
587,M,1
587,P,1
587,Q,1
587,Z,1
589,H,1
589,I,1
589,J,1
589,L,1
589,M,1
589,R,1
589,V,1
589,W,1
589,[,1
591,B,1
591,F,1
591,N,1
591,Q,1
591,R,1
591,X,1
591,Z,1
591,[,1
592,B,1
592,C,1
592,H,1
592,L,1
592,P,1
592,T,1
592,Y,1
594,B,1
594,F,1
594,H,1
594,J,1
594,L,1
594,O,1
594,S,1
595,C,1
595,F,1
595,H,1
595,M,1
595,P,1
595,R,1
595,W,1
595,X,1
595,Y,1
598,B,1
598,E,1
598,K,1
598,L,1
598,N,1
598,O,1
598,S,1
598,T,1
598,W,1
598,Y,1
6,B,1
6,E,1
6,H,1
6,T,1
6,U,1
6,X,1
6,Y,1
6,Z,1
60,G,1
60,J,1
60,M,1
60,N,1
60,O,1
60,Q,1
60,S,1
60,[,1
600,E,1
600,G,1
600,K,1
600,L,1
600,R,1
600,W,1
600,X,1
600,Y,1
602,B,1
602,C,1
602,E,1
602,F,1
602,H,1
602,J,1
602,P,1
602,W,1
602,X,1
602,[,1
603,C,1
603,G,1
603,J,1
603,M,1
603,R,1
603,Y,1
603,Z,1
603,[,1
607,C,1
607,D,1
607,F,1
607,K,1
607,L,1
607,R,1
607,W,1
607,Z,1
607,[,1
610,B,1
610,E,1
610,G,1
610,I,1
610,J,1
610,M,1
610,R,1
610,S,1
610,W,1
610,[,1
612,B,1
612,C,1
612,D,1
612,K,1
612,M,1
612,S,1
612,U,1
612,W,1
612,Z,1
615,C,1
615,E,1
615,F,1
615,I,1
615,J,1
615,K,1
615,O,1
615,Q,1
615,R,1
615,Z,1
617,E,1
617,F,1
617,K,1
617,M,1
617,N,1
617,O,1
617,Q,1
617,S,1
617,[,1
618,B,1
618,J,1
618,L,1
618,O,1
618,Q,1
618,R,1
618,S,1
618,Z,1
618,[,1
619,D,1
619,F,1
619,I,1
619,M,1
619,N,1
619,O,1
619,R,1
619,T,1
619,V,1
624,E,1
624,H,1
624,L,1
624,U,1
624,X,1
624,Y,1
625,B,1
625,E,1
625,H,1
625,L,1
625,M,1
625,O,1
625,R,1
625,S,1
630,D,1
630,F,1
630,L,1
630,M,1
630,Q,1
630,R,1
630,S,1
630,T,1
630,V,1
630,[,1
631,D,1
631,I,1
631,J,1
631,L,1
631,N,1
631,P,1
631,T,1
631,Y,1
631,Z,1
638,C,1
638,D,1
638,F,1
638,I,1
638,N,1
638,P,1
638,S,1
638,U,1
64,D,1
64,E,1
64,G,1
64,H,1
64,L,1
64,M,1
64,S,1
64,T,1
64,Z,1
640,B,1
640,E,1
640,J,1
640,S,1
640,V,1
640,X,1
641,E,1
641,I,1
641,R,1
641,V,1
641,W,1
641,X,1
641,Y,1
641,Z,1
642,D,1
642,E,1
642,G,1
642,K,1
642,L,1
642,M,1
642,O,1
642,U,1
642,V,1
642,Z,1
649,E,1
649,G,1
649,I,1
649,L,1
649,M,1
649,Q,1
649,S,1
649,X,1
649,[,1
65,E,1
65,F,1
65,G,1
65,I,1
65,K,1
65,M,1
65,O,1
65,Q,1
65,S,1
654,B,1
654,C,1
654,E,1
654,I,1
654,J,1
654,M,1
654,Y,1
655,D,1
655,I,1
655,K,1
655,N,1
655,P,1
655,T,1
655,Y,1
656,D,1
656,F,1
656,J,1
656,K,1
656,N,1
656,O,1
656,Q,1
656,T,1
656,Y,1
658,B,1
658,H,1
658,I,1
658,M,1
658,P,1
658,R,1
658,V,1
658,X,1
658,[,1
662,B,1
662,H,1
662,I,1
662,K,1
662,M,1
662,O,1
662,S,1
662,V,1
662,Y,1
662,[,1
664,B,1
664,C,1
664,D,1
664,L,1
664,M,1
664,N,1
664,O,1
664,Y,1
667,C,1
667,E,1
667,M,1
667,N,1
667,Q,1
667,R,1
667,W,1
667,Z,1
670,E,1
670,H,1
670,J,1
670,O,1
670,P,1
670,R,1
670,V,1
670,W,1
671,B,1
671,D,1
671,G,1
671,I,1
671,O,1
671,P,1
671,S,1
671,V,1
671,Z,1
672,C,1
672,F,1
672,G,1
672,H,1
672,N,1
672,T,1
672,V,1
673,D,1
673,F,1
673,L,1
673,M,1
673,O,1
673,S,1
673,T,1
673,W,1
673,Y,1
673,Z,1
675,B,1
675,E,1
675,G,1
675,J,1
675,N,1
675,Q,1
675,R,1
675,X,1
675,Y,1
676,B,1
676,D,1
676,J,1
676,N,1
676,U,1
676,V,1
676,X,1
677,C,1
677,F,1
677,G,1
677,K,1
677,O,1
677,Q,1
677,U,1
677,W,1
677,X,1
678,B,1
678,D,1
678,F,1
678,G,1
678,I,1
678,N,1
678,T,1
678,U,1
678,X,1
678,[,1
68,B,1
68,C,1
68,E,1
68,F,1
68,H,1
68,J,1
68,N,1
68,P,1
68,W,1
68,[,1
680,B,1
680,C,1
680,M,1
680,N,1
680,O,1
680,S,1
680,T,1
680,Z,1
682,B,1
682,C,1
682,F,1
682,L,1
682,N,1
682,Q,1
682,R,1
682,V,1
682,X,1
683,B,1
683,E,1
683,F,1
683,J,1
683,L,1
683,N,1
683,Q,1
683,Y,1
683,Z,1
684,D,1
684,G,1
684,I,1
684,J,1
684,K,1
684,P,1
684,Q,1
684,R,1
684,X,1
684,Z,1
686,B,1
686,H,1
686,L,1
686,S,1
686,U,1
686,Z,1
686,[,1
687,D,1
687,G,1
687,I,1
687,M,1
687,O,1
687,R,1
687,V,1
687,X,1
689,D,1
689,Q,1
689,U,1
689,V,1
689,X,1
689,Y,1
689,[,1
69,J,1
69,N,1
69,Q,1
69,S,1
69,U,1
69,W,1
69,Y,1
69,Z,1
69,[,1
692,B,1
692,D,1
692,F,1
692,K,1
692,P,1
692,Q,1
692,X,1
692,Z,1
696,B,1
696,F,1
696,J,1
696,Q,1
696,T,1
696,U,1
696,V,1
698,B,1
698,E,1
698,G,1
698,I,1
698,J,1
698,K,1
698,U,1
698,Z,1
698,[,1
699,B,1
699,D,1
699,F,1
699,P,1
699,Q,1
699,S,1
699,X,1
699,Y,1
699,Z,1
7,E,1
7,F,1
7,H,1
7,I,1
7,Q,1
7,R,1
7,S,1
7,T,1
7,Y,1
7,[,1
70,F,1
70,J,1
70,L,1
70,M,1
70,P,1
70,Q,1
70,T,1
70,W,1
70,Z,1
700,C,1
700,E,1
700,F,1
700,G,1
700,I,1
700,M,1
700,V,1
700,W,1
700,X,1
700,Z,1
705,B,1
705,D,1
705,G,1
705,L,1
705,P,1
705,S,1
705,T,1
705,Z,1
705,[,1
707,E,1
707,G,1
707,K,1
707,L,1
707,M,1
707,O,1
707,P,1
707,V,1
708,E,1
708,F,1
708,G,1
708,I,1
708,K,1
708,O,1
708,R,1
708,T,1
708,V,1
713,D,1
713,E,1
713,L,1
713,O,1
713,Q,1
713,R,1
713,S,1
713,T,1
713,U,1
719,C,1
719,E,1
719,K,1
719,L,1
719,O,1
719,S,1
719,W,1
72,G,1
72,N,1
72,P,1
72,R,1
72,U,1
72,V,1
72,W,1
72,Y,1
72,[,1
721,E,1
721,J,1
721,K,1
721,M,1
721,Q,1
721,R,1
721,Y,1
726,B,1
726,C,1
726,D,1
726,E,1
726,M,1
726,N,1
726,P,1
726,W,1
726,[,1
730,C,1
730,D,1
730,E,1
730,F,1
730,K,1
730,N,1
730,P,1
730,T,1
730,U,1
732,C,1
732,F,1
732,M,1
732,O,1
732,P,1
732,S,1
732,U,1
732,X,1
734,E,1
734,G,1
734,K,1
734,M,1
734,Q,1
734,T,1
734,X,1
734,[,1
737,C,1
737,D,1
737,E,1
737,F,1
737,I,1
737,K,1
737,L,1
737,Q,1
737,R,1
737,Z,1
738,C,1
738,D,1
738,G,1
738,I,1
738,K,1
738,M,1
738,P,1
738,V,1
739,B,1
739,C,1
739,E,1
739,O,1
739,Q,1
739,R,1
739,T,1
739,[,1
74,B,1
74,G,1
74,H,1
74,M,1
74,N,1
74,W,1
74,X,1
74,[,1
741,C,1
741,P,1
741,R,1
741,S,1
741,T,1
741,X,1
741,Y,1
745,O,1
745,Q,1
745,S,1
745,U,1
745,V,1
745,W,1
745,Y,1
749,E,1
749,G,1
749,H,1
749,M,1
749,Q,1
749,T,1
749,U,1
749,X,1
749,Z,1
75,B,1
75,D,1
75,J,1
75,N,1
75,P,1
75,R,1
75,W,1
75,Y,1
750,B,1
750,C,1
750,G,1
750,H,1
750,J,1
750,K,1
750,L,1
750,M,1
750,W,1
750,Y,1
754,B,1
754,J,1
754,K,1
754,M,1
754,R,1
754,T,1
754,X,1
754,Y,1
755,B,1
755,E,1
755,G,1
755,H,1
755,I,1
755,J,1
755,K,1
755,L,1
755,Q,1
758,F,1
758,K,1
758,N,1
758,Q,1
758,R,1
758,T,1
758,U,1
759,E,1
759,I,1
759,M,1
759,O,1
759,Q,1
759,R,1
759,Z,1
759,[,1
76,B,1
76,C,1
76,E,1
76,F,1
76,G,1
76,O,1
76,S,1
76,T,1
76,Y,1
76,Z,1
760,D,1
760,E,1
760,G,1
760,K,1
760,M,1
760,O,1
760,Q,1
760,S,1
760,W,1
760,Y,1
762,E,1
762,F,1
762,K,1
762,M,1
762,N,1
762,V,1
762,X,1
762,Y,1
762,[,1
763,B,1
763,F,1
763,J,1
763,M,1
763,Q,1
763,U,1
763,W,1
763,Y,1
766,C,1
766,F,1
766,L,1
766,M,1
766,N,1
766,P,1
766,S,1
766,T,1
766,V,1
766,W,1
77,C,1
77,H,1
77,I,1
77,M,1
77,O,1
77,P,1
77,R,1
77,S,1
77,T,1
772,D,1
772,H,1
772,I,1
772,N,1
772,P,1
772,R,1
772,W,1
772,X,1
772,Y,1
774,E,1
774,F,1
774,I,1
774,L,1
774,Q,1
774,S,1
774,U,1
774,Z,1
774,[,1
777,E,1
777,H,1
777,J,1
777,N,1
777,O,1
777,P,1
777,V,1
777,W,1
777,Z,1
778,M,1
778,N,1
778,P,1
778,R,1
778,U,1
778,V,1
778,Z,1
778,[,1
783,C,1
783,D,1
783,J,1
783,N,1
783,P,1
783,Q,1
783,U,1
783,Z,1
783,[,1
784,B,1
784,C,1
784,D,1
784,I,1
784,K,1
784,N,1
784,P,1
784,Y,1
784,[,1
785,B,1
785,E,1
785,F,1
785,J,1
785,K,1
785,L,1
785,S,1
785,T,1
785,Y,1
785,Z,1
786,B,1
786,E,1
786,G,1
786,I,1
786,M,1
786,N,1
786,P,1
786,R,1
786,W,1
786,[,1
789,C,1
789,F,1
789,H,1
789,I,1
789,J,1
789,O,1
789,Y,1
789,Z,1
789,[,1
791,B,1
791,E,1
791,H,1
791,L,1
791,M,1
791,N,1
791,P,1
791,T,1
791,W,1
791,X,1
794,B,1
794,I,1
794,K,1
794,M,1
794,O,1
794,P,1
794,S,1
794,T,1
794,W,1
797,F,1
797,I,1
797,K,1
797,Q,1
797,R,1
797,U,1
797,W,1
797,[,1
799,B,1
799,D,1
799,I,1
799,R,1
799,S,1
799,T,1
799,X,1
799,Y,1
801,C,1
801,I,1
801,J,1
801,N,1
801,O,1
801,R,1
801,U,1
801,V,1
801,X,1
802,C,1
802,D,1
802,G,1
802,J,1
802,S,1
802,T,1
802,V,1
803,C,1
803,K,1
803,M,1
803,P,1
803,S,1
803,T,1
803,U,1
803,Y,1
803,[,1
804,J,1
804,P,1
804,U,1
804,V,1
804,W,1
804,Y,1
804,Z,1
804,[,1
807,C,1
807,D,1
807,G,1
807,M,1
807,U,1
807,V,1
807,Y,1
808,B,1
808,H,1
808,J,1
808,N,1
808,P,1
808,T,1
808,W,1
808,X,1
808,Z,1
809,E,1
809,L,1
809,M,1
809,N,1
809,R,1
809,S,1
809,T,1
809,X,1
811,C,1
811,D,1
811,G,1
811,M,1
811,N,1
811,Q,1
811,R,1
811,Y,1
811,[,1
813,B,1
813,C,1
813,E,1
813,L,1
813,O,1
813,T,1
813,U,1
813,V,1
813,X,1
818,C,1
818,D,1
818,F,1
818,G,1
818,I,1
818,P,1
818,R,1
818,S,1
818,T,1
821,C,1
821,G,1
821,H,1
821,I,1
821,J,1
821,N,1
821,S,1
821,U,1
821,Y,1
824,C,1
824,E,1
824,P,1
824,Q,1
824,T,1
824,V,1
824,X,1
824,Y,1
825,F,1
825,K,1
825,L,1
825,P,1
825,Q,1
825,R,1
825,T,1
825,X,1
827,B,1
827,C,1
827,E,1
827,F,1
827,L,1
827,M,1
827,P,1
827,Q,1
827,V,1
827,W,1
833,B,1
833,D,1
833,E,1
833,G,1
833,K,1
833,L,1
833,U,1
833,V,1
833,[,1
835,C,1
835,P,1
835,T,1
835,U,1
835,Z,1
835,[,1
837,D,1
837,E,1
837,F,1
837,K,1
837,O,1
837,R,1
837,S,1
837,V,1
837,X,1
838,D,1
838,F,1
838,H,1
838,K,1
838,L,1
838,N,1
838,P,1
838,S,1
838,Y,1
838,Z,1
839,D,1
839,G,1
839,H,1
839,I,1
839,L,1
839,O,1
839,Q,1
839,W,1
839,[,1
84,C,1
84,F,1
84,K,1
84,N,1
84,P,1
84,R,1
84,S,1
84,V,1
84,Y,1
840,E,1
840,F,1
840,G,1
840,J,1
840,L,1
840,M,1
840,O,1
840,Z,1
840,[,1
841,F,1
841,I,1
841,K,1
841,M,1
841,S,1
841,T,1
841,V,1
841,W,1
843,D,1
843,H,1
843,L,1
843,M,1
843,Q,1
843,R,1
843,S,1
843,T,1
846,B,1
846,D,1
846,G,1
846,K,1
846,P,1
846,S,1
846,U,1
846,Y,1
847,C,1
847,D,1
847,E,1
847,F,1
847,K,1
847,R,1
847,X,1
847,Y,1
847,[,1
848,B,1
848,D,1
848,F,1
848,N,1
848,O,1
848,P,1
848,S,1
848,V,1
849,G,1
849,I,1
849,P,1
849,R,1
849,V,1
849,W,1
849,X,1
849,Z,1
849,[,1
851,B,1
851,C,1
851,E,1
851,G,1
851,H,1
851,W,1
851,X,1
851,[,1
854,C,1
854,K,1
854,L,1
854,O,1
854,P,1
854,U,1
854,V,1
854,W,1
854,Y,1
854,Z,1
856,B,1
856,C,1
856,E,1
856,M,1
856,N,1
856,V,1
856,X,1
856,Z,1
86,B,1
86,C,1
86,E,1
86,H,1
86,L,1
86,P,1
86,R,1
86,X,1
860,D,1
860,E,1
860,F,1
860,J,1
860,L,1
860,Q,1
860,S,1
860,W,1
860,Z,1
860,[,1
861,C,1
861,G,1
861,J,1
861,M,1
861,N,1
861,P,1
861,Q,1
861,S,1
861,T,1
861,V,1
865,D,1
865,E,1
865,F,1
865,H,1
865,J,1
865,O,1
865,T,1
865,V,1
865,Y,1
867,E,1
867,F,1
867,K,1
867,M,1
867,T,1
867,V,1
867,Y,1
867,Z,1
867,[,1
868,D,1
868,F,1
868,I,1
868,K,1
868,L,1
868,R,1
868,V,1
868,W,1
868,Y,1
868,[,1
87,E,1
87,F,1
87,G,1
87,L,1
87,N,1
87,S,1
87,T,1
87,Z,1
871,E,1
871,H,1
871,O,1
871,Q,1
871,R,1
871,W,1
871,X,1
871,[,1
872,D,1
872,E,1
872,F,1
872,H,1
872,J,1
872,L,1
872,N,1
872,Q,1
872,Y,1
877,B,1
877,D,1
877,G,1
877,Q,1
877,V,1
877,X,1
877,Z,1
877,[,1
882,C,1
882,E,1
882,F,1
882,I,1
882,M,1
882,P,1
882,R,1
882,V,1
889,B,1
889,D,1
889,E,1
889,H,1
889,K,1
889,M,1
889,S,1
889,T,1
891,E,1
891,K,1
891,Q,1
891,S,1
891,T,1
891,X,1
891,Y,1
891,[,1
892,C,1
892,I,1
892,L,1
892,N,1
892,S,1
892,X,1
892,Y,1
893,H,1
893,N,1
893,O,1
893,P,1
893,Q,1
893,R,1
893,V,1
893,W,1
893,Y,1
895,F,1
895,H,1
895,I,1
895,K,1
895,N,1
895,O,1
895,S,1
895,V,1
895,Y,1
897,B,1
897,E,1
897,G,1
897,J,1
897,K,1
897,P,1
897,Y,1
897,Z,1
897,[,1
90,D,1
90,G,1
90,I,1
90,K,1
90,N,1
90,P,1
90,Q,1
90,U,1
902,D,1
902,E,1
902,F,1
902,G,1
902,L,1
902,M,1
902,P,1
902,V,1
904,B,1
904,C,1
904,I,1
904,T,1
904,U,1
904,X,1
904,Y,1
908,E,1
908,F,1
908,G,1
908,K,1
908,U,1
908,W,1
908,X,1
908,Y,1
908,Z,1
909,C,1
909,F,1
909,N,1
909,O,1
909,P,1
909,R,1
909,X,1
91,B,1
91,I,1
91,J,1
91,N,1
91,O,1
91,Q,1
91,S,1
91,X,1
91,Z,1
916,B,1
916,C,1
916,D,1
916,G,1
916,K,1
916,M,1
916,W,1
916,X,1
919,C,1
919,D,1
919,H,1
919,J,1
919,M,1
919,P,1
919,Q,1
919,T,1
919,W,1
924,E,1
924,J,1
924,L,1
924,P,1
924,T,1
924,U,1
924,Y,1
927,C,1
927,F,1
927,H,1
927,I,1
927,K,1
927,L,1
927,M,1
927,O,1
927,U,1
927,X,1
929,G,1
929,I,1
929,L,1
929,Q,1
929,U,1
929,X,1
929,Y,1
932,B,1
932,E,1
932,L,1
932,R,1
932,U,1
932,W,1
932,X,1
932,Y,1
932,Z,1
937,C,1
937,I,1
937,L,1
937,M,1
937,N,1
937,Q,1
937,R,1
937,Y,1
939,G,1
939,M,1
939,N,1
939,O,1
939,Q,1
939,S,1
939,X,1
939,[,1
941,B,1
941,F,1
941,H,1
941,I,1
941,L,1
941,M,1
941,U,1
941,W,1
941,Y,1
943,C,1
943,I,1
943,N,1
943,O,1
943,P,1
943,Y,1
943,Z,1
943,[,1
944,C,1
944,D,1
944,G,1
944,I,1
944,J,1
944,O,1
944,P,1
944,R,1
944,S,1
947,G,1
947,H,1
947,I,1
947,J,1
947,L,1
947,O,1
947,Q,1
947,U,1
947,[,1
95,C,1
95,E,1
95,F,1
95,I,1
95,K,1
95,L,1
95,N,1
95,S,1
95,Z,1
951,D,1
951,G,1
951,I,1
951,K,1
951,L,1
951,S,1
951,T,1
951,V,1
951,W,1
952,C,1
952,G,1
952,J,1
952,K,1
952,L,1
952,R,1
952,V,1
952,Y,1
953,C,1
953,L,1
953,N,1
953,Q,1
953,X,1
953,Y,1
953,[,1
954,D,1
954,E,1
954,J,1
954,O,1
954,V,1
954,W,1
954,X,1
954,Y,1
954,Z,1
954,[,1
956,C,1
956,G,1
956,H,1
956,N,1
956,Q,1
956,R,1
956,X,1
956,[,1
958,D,1
958,E,1
958,G,1
958,N,1
958,O,1
958,S,1
958,T,1
958,U,1
958,W,1
96,B,1
96,D,1
96,G,1
96,I,1
96,J,1
96,T,1
96,V,1
96,Y,1
962,C,1
962,K,1
962,M,1
962,S,1
962,T,1
962,V,1
962,X,1
962,[,1
966,C,1
966,D,1
966,E,1
966,R,1
966,S,1
966,T,1
966,W,1
966,X,1
966,Y,1
97,C,1
97,D,1
97,E,1
97,H,1
97,I,1
97,M,1
97,P,1
97,S,1
97,U,1
971,E,1
971,H,1
971,K,1
971,N,1
971,V,1
971,X,1
971,Z,1
971,[,1
972,G,1
972,I,1
972,M,1
972,P,1
972,R,1
972,S,1
972,T,1
972,U,1
972,Y,1
973,B,1
973,D,1
973,G,1
973,H,1
973,J,1
973,M,1
973,O,1
973,R,1
973,V,1
973,Y,1
974,E,1
974,F,1
974,H,1
974,I,1
974,M,1
974,P,1
974,U,1
974,V,1
976,B,1
976,D,1
976,E,1
976,G,1
976,H,1
976,K,1
976,P,1
976,R,1
976,U,1
977,G,1
977,J,1
977,K,1
977,P,1
977,R,1
977,S,1
977,Y,1
977,Z,1
978,B,1
978,C,1
978,F,1
978,I,1
978,L,1
978,M,1
978,U,1
978,X,1
978,Z,1
979,B,1
979,L,1
979,M,1
979,W,1
979,Y,1
979,Z,1
983,B,1
983,D,1
983,H,1
983,O,1
983,P,1
983,T,1
983,W,1
983,X,1
983,Y,1
984,B,1
984,D,1
984,E,1
984,F,1
984,G,1
984,I,1
984,K,1
984,L,1
984,V,1
984,W,1
987,J,1
987,L,1
987,M,1
987,P,1
987,V,1
987,X,1
987,[,1
988,H,1
988,M,1
988,N,1
988,O,1
988,Q,1
988,S,1
988,T,1
988,U,1
989,C,1
989,D,1
989,F,1
989,H,1
989,I,1
989,K,1
989,W,1
989,Z,1
991,D,1
991,H,1
991,I,1
991,L,1
991,N,1
991,R,1
991,T,1
991,U,1
991,V,1
992,G,1
992,I,1
992,M,1
992,O,1
992,P,1
992,S,1
992,T,1
992,W,1
992,Z,1
994,F,1
994,H,1
994,P,1
994,T,1
994,U,1
994,V,1
994,W,1
996,G,1
996,H,1
996,L,1
996,N,1
996,P,1
996,T,1
996,V,1
997,E,1
997,H,1
997,I,1
997,N,1
997,O,1
997,R,1
997,X,1
997,Y,1
999,B,1
999,C,1
999,D,1
999,I,1
999,L,1
999,O,1
999,P,1
999,T,1
999,W,1
999,Y,1
